visita_id,lugar_id,usuario_id,fecha_visita,mes,dia_semana,es_festivo,duracion_horas,calificacion_dada,comentario_sentimiento,clima_dia_visita,gasto_total_cop,medio_transporte,visitó_con
1,4,68,2023-12-15,12,viernes,False,3.2,4,positivo,lluvioso,30998,carro,pareja
2,20,57,2023-12-01,12,viernes,False,4.2,5,positivo,nublado,6941,carro,pareja
3,24,69,2024-10-11,10,viernes,False,8.5,4,positivo,soleado,37912,carro,familia
4,5,164,2024-04-06,4,sábado,False,1.4,5,positivo,lluvioso,50152,carro,solo
5,21,73,2023-08-22,8,martes,False,1.4,4,positivo,lluvioso,28318,bus,grupo
6,4,126,2024-07-20,7,sábado,True,3.8,4,positivo,lluvioso,29603,moto,familia
7,11,150,2024-03-18,3,lunes,False,2.8,4,positivo,lluvioso,47172,moto,familia
8,23,19,2024-11-27,11,miércoles,False,3.0,3,neutro,nublado,73395,moto,familia
9,8,177,2024-11-07,11,jueves,False,3.2,4,positivo,lluvioso,92454,carro,grupo
10,3,7,2023-03-29,3,miércoles,False,7.4,4,positivo,soleado,171209,bus,familia
11,7,130,2024-09-25,9,miércoles,False,2.6,3,neutro,lluvioso,84357,bus,familia
12,1,119,2023-09-10,9,domingo,False,6.2,3,neutro,nublado,81734,bus,grupo
13,18,100,2023-03-17,3,viernes,False,2.9,4,positivo,soleado,23376,carro,pareja
14,4,24,2023-10-02,10,lunes,False,1.9,4,positivo,soleado,15107,carro,grupo
15,11,50,2024-01-25,1,jueves,False,1.0,4,positivo,soleado,148280,bus,familia
16,10,10,2024-10-11,10,viernes,False,5.0,3,neutro,nublado,15110,carro,familia
17,7,101,2024-02-03,2,sábado,False,1.8,4,positivo,lluvioso,85753,carro,familia
18,15,38,2024-01-05,1,viernes,False,2.7,4,positivo,lluvioso,8491,carro,pareja
19,2,152,2023-04-04,4,martes,False,3.8,5,positivo,lluvioso,35170,a pie,pareja
20,11,176,2023-11-12,11,domingo,False,3.9,5,positivo,nublado,64146,bus,solo
21,2,101,2024-01-04,1,jueves,False,3.0,4,positivo,lluvioso,94895,carro,familia
22,21,109,2023-10-04,10,miércoles,False,3.0,4,positivo,soleado,11699,bus,solo
23,22,170,2023-05-16,5,martes,False,1.1,4,positivo,nublado,20860,bus,grupo
24,14,44,2023-07-11,7,martes,False,2.7,5,positivo,nublado,98489,moto,solo
25,20,187,2024-04-04,4,jueves,False,2.7,4,positivo,soleado,38583,carro,grupo
26,4,189,2024-02-22,2,jueves,False,2.6,4,positivo,nublado,11769,carro,grupo
27,5,195,2023-01-27,1,viernes,False,1.1,5,positivo,tormenta,23873,carro,solo
28,23,128,2023-12-29,12,viernes,False,2.7,3,neutro,soleado,71321,moto,solo
29,20,44,2023-04-06,4,jueves,True,3.9,4,positivo,tormenta,26261,bus,solo
30,20,168,2024-01-30,1,martes,False,3.6,3,neutro,lluvioso,5808,a pie,familia
31,3,182,2023-10-26,10,jueves,False,7.9,5,positivo,nublado,77119,bus,familia
32,21,46,2024-02-02,2,viernes,False,3.7,3,neutro,lluvioso,10550,a pie,familia
33,9,114,2024-07-26,7,viernes,False,5.1,5,positivo,soleado,77954,moto,grupo
34,23,139,2024-08-08,8,jueves,False,5.9,4,positivo,tormenta,42075,a pie,familia
35,24,123,2023-06-23,6,viernes,False,5.7,5,positivo,soleado,64912,bus,solo
36,1,26,2024-01-25,1,jueves,False,5.8,5,positivo,nublado,46108,bus,familia
37,19,29,2023-05-23,5,martes,False,3.4,4,positivo,tormenta,47623,bus,familia
38,13,179,2023-11-05,11,domingo,False,2.4,4,positivo,tormenta,22590,carro,familia
39,1,165,2024-05-19,5,domingo,False,3.2,5,positivo,nublado,29781,carro,solo
40,10,28,2023-03-06,3,lunes,False,2.6,4,positivo,soleado,15958,a pie,familia
41,16,131,2024-03-21,3,jueves,False,3.6,5,positivo,nublado,49042,carro,pareja
42,13,177,2024-03-07,3,jueves,False,1.4,4,positivo,soleado,24644,moto,grupo
43,15,120,2024-05-10,5,viernes,False,1.7,4,positivo,soleado,7520,bus,familia
44,9,53,2024-01-05,1,viernes,False,4.3,3,neutro,lluvioso,132990,carro,solo
45,19,94,2023-09-10,9,domingo,False,3.7,3,neutro,soleado,144489,bus,familia
46,2,69,2024-10-02,10,miércoles,False,4.3,4,positivo,soleado,77492,taxi,familia
47,14,155,2024-08-31,8,sábado,False,3.2,3,neutro,nublado,122828,moto,familia
48,4,41,2023-07-20,7,jueves,True,1.5,5,positivo,soleado,35006,bus,grupo
49,7,44,2023-04-20,4,jueves,False,1.5,5,positivo,lluvioso,102758,bus,solo
50,13,43,2023-11-08,11,miércoles,False,1.2,5,positivo,nublado,5443,carro,familia
51,18,200,2024-02-10,2,sábado,False,1.5,3,neutro,nublado,39772,a pie,grupo
52,23,106,2024-09-27,9,viernes,False,5.0,4,positivo,soleado,59896,taxi,grupo
53,2,188,2023-12-04,12,lunes,False,2.4,5,positivo,soleado,73850,bus,familia
54,4,197,2023-12-09,12,sábado,False,2.7,3,neutro,soleado,33220,taxi,pareja
55,22,82,2024-10-28,10,lunes,False,1.3,4,positivo,nublado,37477,bus,familia
56,20,168,2023-05-20,5,sábado,False,3.0,4,positivo,nublado,24689,carro,familia
57,9,177,2023-11-25,11,sábado,False,6.2,5,positivo,soleado,89766,bus,grupo
58,7,71,2024-12-12,12,jueves,False,3.3,5,positivo,soleado,78163,taxi,grupo
59,8,73,2024-05-05,5,domingo,False,2.5,4,positivo,soleado,90295,a pie,grupo
60,15,137,2023-07-01,7,sábado,False,1.7,3,neutro,lluvioso,87198,carro,familia
61,9,16,2023-11-23,11,jueves,False,3.3,4,positivo,nublado,138200,bus,grupo
62,4,176,2024-12-12,12,jueves,False,3.1,4,positivo,lluvioso,37178,a pie,solo
63,7,128,2024-08-12,8,lunes,False,2.7,4,positivo,tormenta,80887,carro,solo
64,8,150,2023-11-30,11,jueves,False,4.9,4,positivo,tormenta,114645,a pie,familia
65,8,20,2023-10-15,10,domingo,False,5.9,4,positivo,lluvioso,115751,carro,pareja
66,5,50,2024-01-09,1,martes,False,3.4,4,positivo,nublado,52927,a pie,familia
67,23,185,2024-07-31,7,miércoles,False,3.0,4,positivo,tormenta,48094,taxi,grupo
68,13,179,2024-08-29,8,jueves,False,2.8,4,positivo,soleado,16791,carro,familia
69,22,179,2024-11-29,11,viernes,False,1.3,4,positivo,soleado,36025,taxi,familia
70,2,53,2023-01-28,1,sábado,False,5.0,5,positivo,tormenta,160317,carro,solo
71,3,192,2024-04-17,4,miércoles,False,8.2,3,neutro,nublado,162847,carro,familia
72,19,9,2023-08-03,8,jueves,False,3.0,3,neutro,lluvioso,58734,carro,pareja
73,18,163,2023-10-26,10,jueves,False,1.5,4,positivo,lluvioso,10266,taxi,pareja
74,1,154,2024-02-23,2,viernes,False,8.9,5,positivo,soleado,143208,carro,solo
75,24,171,2024-05-26,5,domingo,False,5.1,5,positivo,tormenta,29121,carro,pareja
76,19,189,2024-10-10,10,jueves,False,1.8,4,positivo,soleado,49846,carro,grupo
77,22,177,2023-09-05,9,martes,False,1.2,5,positivo,tormenta,26279,taxi,grupo
78,9,181,2024-11-05,11,martes,False,4.3,4,positivo,soleado,120203,bus,grupo
79,18,180,2024-03-09,3,sábado,False,3.2,5,positivo,nublado,20353,bus,familia
80,20,18,2023-03-17,3,viernes,False,4.4,4,positivo,nublado,34430,carro,familia
81,14,144,2024-09-04,9,miércoles,False,3.9,3,neutro,lluvioso,27703,carro,familia
82,9,163,2024-08-19,8,lunes,True,8.3,5,positivo,nublado,83133,carro,pareja
83,10,169,2024-07-01,7,lunes,True,5.5,3,neutro,soleado,38201,moto,familia
84,7,92,2024-12-09,12,lunes,False,2.4,4,positivo,lluvioso,68706,taxi,solo
85,9,57,2024-07-10,7,miércoles,False,8.0,5,positivo,nublado,104818,carro,pareja
86,8,49,2024-01-04,1,jueves,False,5.4,4,positivo,soleado,135982,moto,pareja
87,8,171,2024-07-03,7,miércoles,False,4.9,4,positivo,lluvioso,128916,moto,pareja
88,17,77,2024-10-15,10,martes,False,8.9,4,positivo,soleado,7784,carro,solo
89,21,7,2023-04-22,4,sábado,False,2.6,4,positivo,lluvioso,21268,bus,familia
90,17,198,2024-11-04,11,lunes,True,5.6,5,positivo,soleado,16632,carro,grupo
91,22,83,2023-06-20,6,martes,False,2.0,3,neutro,lluvioso,70401,carro,pareja
92,22,131,2024-09-19,9,jueves,False,3.7,4,positivo,lluvioso,19451,carro,pareja
93,1,95,2024-07-30,7,martes,False,6.2,4,positivo,tormenta,77272,carro,pareja
94,25,198,2024-11-24,11,domingo,False,2.7,5,positivo,nublado,31189,bus,grupo
95,21,135,2023-12-06,12,miércoles,False,4.0,3,neutro,soleado,33210,moto,familia
96,4,68,2023-04-19,4,miércoles,False,3.6,4,positivo,soleado,5691,moto,pareja
97,22,62,2023-04-11,4,martes,False,1.7,3,neutro,tormenta,26478,a pie,familia
98,1,141,2023-08-16,8,miércoles,False,6.8,4,positivo,soleado,41733,bus,solo
99,15,92,2024-06-15,6,sábado,False,3.6,4,positivo,nublado,23284,carro,solo
100,5,6,2024-08-17,8,sábado,False,1.5,5,positivo,soleado,128133,a pie,familia
101,19,14,2024-08-12,8,lunes,False,1.4,4,positivo,soleado,44485,carro,familia
102,2,30,2024-04-01,4,lunes,False,4.4,4,positivo,lluvioso,114036,bus,familia
103,14,73,2024-02-05,2,lunes,False,3.4,3,neutro,soleado,27173,carro,grupo
104,12,146,2024-11-26,11,martes,False,2.1,4,positivo,soleado,39286,a pie,familia
105,15,134,2024-12-08,12,domingo,True,2.4,4,positivo,soleado,47798,a pie,solo
106,10,32,2023-06-04,6,domingo,False,3.3,4,positivo,nublado,27607,a pie,pareja
107,18,51,2023-01-26,1,jueves,False,1.5,4,positivo,lluvioso,101277,moto,familia
108,17,31,2023-04-18,4,martes,False,7.2,4,positivo,soleado,34361,bus,familia
109,13,26,2024-03-01,3,viernes,False,2.9,4,positivo,tormenta,10626,taxi,familia
110,7,44,2023-04-29,4,sábado,False,1.5,4,positivo,lluvioso,193962,moto,solo
111,11,182,2023-05-26,5,viernes,False,3.5,5,positivo,lluvioso,57828,bus,familia
112,1,11,2023-11-16,11,jueves,False,6.0,4,positivo,nublado,99966,carro,solo
113,6,14,2024-04-11,4,jueves,False,1.7,5,positivo,nublado,68557,bus,familia
114,14,123,2024-06-17,6,lunes,False,1.4,4,positivo,nublado,53649,bus,solo
115,13,70,2023-12-23,12,sábado,False,3.7,4,positivo,lluvioso,36205,bus,solo
116,5,31,2023-04-10,4,lunes,False,2.7,3,neutro,soleado,46715,taxi,familia
117,16,85,2024-12-14,12,sábado,False,3.5,4,positivo,tormenta,79651,a pie,grupo
118,4,80,2023-11-23,11,jueves,False,3.1,4,positivo,soleado,9402,taxi,familia
119,15,17,2023-11-04,11,sábado,False,1.7,4,positivo,lluvioso,17928,moto,pareja
120,22,142,2024-12-28,12,sábado,False,3.2,4,positivo,nublado,21771,carro,pareja
121,20,192,2023-01-24,1,martes,False,2.9,4,positivo,lluvioso,27483,bus,familia
122,3,197,2024-10-25,10,viernes,False,4.4,5,positivo,tormenta,43583,carro,pareja
123,9,47,2024-11-24,11,domingo,False,8.4,4,positivo,soleado,90771,bus,grupo
124,7,38,2023-09-07,9,jueves,False,2.7,5,positivo,lluvioso,71908,bus,pareja
125,16,195,2023-06-28,6,miércoles,False,2.0,4,positivo,lluvioso,86169,carro,solo
126,1,172,2023-06-13,6,martes,False,6.8,5,positivo,soleado,35845,carro,pareja
127,8,81,2024-07-27,7,sábado,False,3.4,4,positivo,nublado,117942,taxi,familia
128,8,179,2024-04-18,4,jueves,False,4.6,4,positivo,nublado,87597,carro,familia
129,15,30,2024-02-19,2,lunes,False,2.3,3,neutro,soleado,117543,carro,familia
130,1,33,2023-07-08,7,sábado,False,3.1,4,positivo,tormenta,31107,carro,grupo
131,4,23,2024-10-17,10,jueves,False,1.0,4,positivo,soleado,33320,carro,familia
132,22,120,2024-02-10,2,sábado,False,1.2,5,positivo,soleado,18956,bus,familia
133,16,154,2024-09-20,9,viernes,False,2.9,5,positivo,nublado,185749,bus,solo
134,5,97,2023-07-22,7,sábado,False,4.0,4,positivo,lluvioso,22731,moto,pareja
135,6,31,2024-08-29,8,jueves,False,2.7,4,positivo,tormenta,83151,bus,familia
136,17,22,2024-02-03,2,sábado,False,3.6,4,positivo,lluvioso,5145,moto,familia
137,8,134,2024-12-22,12,domingo,False,2.8,5,positivo,lluvioso,104076,moto,solo
138,6,24,2023-07-30,7,domingo,False,2.1,4,positivo,soleado,73241,bus,grupo
139,18,157,2024-12-21,12,sábado,False,2.0,3,neutro,lluvioso,10050,bus,familia
140,10,183,2024-08-14,8,miércoles,False,5.5,3,neutro,nublado,11668,a pie,grupo
141,18,72,2024-07-03,7,miércoles,False,2.4,5,positivo,soleado,30252,moto,grupo
142,21,183,2024-01-10,1,miércoles,False,1.6,4,positivo,soleado,26363,taxi,grupo
143,19,42,2023-07-21,7,viernes,False,3.1,4,positivo,soleado,59986,carro,grupo
144,8,59,2023-04-27,4,jueves,False,3.7,3,neutro,soleado,107193,a pie,grupo
145,25,72,2024-11-17,11,domingo,False,2.9,5,positivo,soleado,37078,carro,grupo
146,23,77,2024-06-24,6,lunes,False,2.8,4,positivo,nublado,35269,carro,solo
147,3,198,2024-09-03,9,martes,False,8.2,4,positivo,soleado,52734,bus,grupo
148,1,174,2024-09-17,9,martes,False,4.2,5,positivo,soleado,37862,carro,familia
149,13,161,2024-08-24,8,sábado,False,1.6,4,positivo,nublado,12486,bus,familia
150,21,116,2023-12-23,12,sábado,False,3.7,3,neutro,lluvioso,28067,carro,grupo
151,16,161,2024-04-13,4,sábado,False,2.2,4,positivo,lluvioso,90459,bus,familia
152,15,76,2023-06-26,6,lunes,False,1.9,3,neutro,tormenta,14746,bus,familia
153,8,49,2024-09-21,9,sábado,False,2.1,4,positivo,tormenta,128677,carro,pareja
154,14,130,2023-03-28,3,martes,False,2.6,4,positivo,soleado,66047,bus,familia
155,3,174,2023-05-18,5,jueves,False,8.1,4,positivo,nublado,50262,carro,familia
156,1,180,2023-05-01,5,lunes,True,8.2,4,positivo,nublado,32817,moto,familia
157,19,166,2023-11-09,11,jueves,False,3.7,4,positivo,nublado,37664,bus,pareja
158,8,162,2023-07-07,7,viernes,False,4.4,5,positivo,lluvioso,114464,bus,solo
159,14,144,2024-12-11,12,miércoles,False,3.3,4,positivo,soleado,16632,moto,familia
160,20,71,2024-06-07,6,viernes,False,3.2,4,positivo,lluvioso,30458,carro,grupo
161,16,20,2024-03-04,3,lunes,False,2.5,5,positivo,lluvioso,89087,bus,pareja
162,11,101,2023-05-22,5,lunes,True,2.9,4,positivo,nublado,72670,carro,familia
163,14,161,2024-01-28,1,domingo,False,2.3,5,positivo,soleado,49724,bus,familia
164,8,17,2023-07-10,7,lunes,False,5.0,5,positivo,soleado,121894,bus,pareja
165,7,34,2024-10-12,10,sábado,False,4.0,5,positivo,soleado,100217,a pie,grupo
166,4,111,2024-12-11,12,miércoles,False,1.5,4,positivo,nublado,16353,carro,pareja
167,3,197,2024-07-22,7,lunes,False,8.8,5,positivo,soleado,45467,carro,pareja
168,24,98,2024-05-16,5,jueves,False,3.9,4,positivo,soleado,38929,carro,pareja
169,23,140,2023-05-24,5,miércoles,False,3.9,5,positivo,soleado,31130,carro,solo
170,2,20,2023-11-19,11,domingo,False,4.7,4,positivo,soleado,74556,moto,pareja
171,14,166,2024-09-26,9,jueves,False,2.0,4,positivo,lluvioso,25513,bus,pareja
172,12,84,2024-01-03,1,miércoles,False,2.9,4,positivo,tormenta,30628,taxi,pareja
173,5,1,2024-05-11,5,sábado,False,2.7,4,positivo,soleado,26947,moto,familia
174,17,127,2023-07-19,7,miércoles,False,3.3,4,positivo,nublado,40162,bus,familia
175,8,137,2024-07-29,7,lunes,False,3.9,5,positivo,soleado,176248,carro,familia
176,11,174,2024-10-30,10,miércoles,False,3.2,5,positivo,soleado,41219,carro,familia
177,10,144,2024-02-23,2,viernes,False,6.0,4,positivo,soleado,37225,carro,familia
178,3,176,2024-03-01,3,viernes,False,6.6,4,positivo,soleado,96539,moto,solo
179,5,73,2024-03-30,3,sábado,False,3.6,4,positivo,lluvioso,24013,taxi,grupo
180,8,64,2023-06-21,6,miércoles,False,4.5,4,positivo,tormenta,82708,bus,pareja
181,19,180,2024-08-01,8,jueves,False,3.4,3,neutro,nublado,21011,taxi,familia
182,14,22,2023-08-14,8,lunes,False,3.1,4,positivo,lluvioso,21571,a pie,familia
183,23,137,2023-02-03,2,viernes,False,2.3,3,neutro,lluvioso,91025,carro,familia
184,20,14,2023-08-19,8,sábado,False,3.2,4,positivo,tormenta,23918,bus,familia
185,23,178,2023-06-22,6,jueves,False,2.4,3,neutro,tormenta,64971,bus,solo
186,2,199,2024-08-02,8,viernes,False,2.2,5,positivo,lluvioso,93661,bus,pareja
187,6,145,2024-05-22,5,miércoles,False,3.8,3,neutro,lluvioso,63013,bus,pareja
188,1,21,2024-06-07,6,viernes,False,6.4,4,positivo,soleado,42419,carro,grupo
189,21,14,2024-08-09,8,viernes,False,3.0,4,positivo,tormenta,12484,carro,familia
190,7,135,2023-10-02,10,lunes,False,1.4,4,positivo,lluvioso,100593,bus,familia
191,17,38,2024-01-11,1,jueves,False,6.9,4,positivo,lluvioso,22761,bus,pareja
192,18,105,2023-02-12,2,domingo,False,3.3,3,neutro,lluvioso,22462,carro,pareja
193,24,187,2024-07-13,7,sábado,False,8.1,5,positivo,lluvioso,34322,moto,grupo
194,13,135,2024-03-11,3,lunes,False,2.3,4,positivo,lluvioso,11711,carro,familia
195,12,192,2024-10-31,10,jueves,False,1.7,4,positivo,lluvioso,148480,carro,familia
196,24,22,2023-09-11,9,lunes,False,6.1,5,positivo,lluvioso,19755,bus,familia
197,1,117,2023-02-03,2,viernes,False,7.8,5,positivo,lluvioso,64473,carro,familia
198,1,5,2023-09-27,9,miércoles,False,5.9,5,positivo,soleado,100688,moto,pareja
199,7,177,2023-03-31,3,viernes,False,2.0,4,positivo,nublado,69387,taxi,grupo
200,1,90,2023-05-01,5,lunes,True,4.3,4,positivo,soleado,156663,carro,familia
201,3,31,2023-08-31,8,jueves,False,3.1,5,positivo,soleado,63754,carro,familia
202,3,160,2024-08-25,8,domingo,False,3.6,5,positivo,soleado,160326,carro,pareja
203,14,132,2023-12-26,12,martes,False,1.6,4,positivo,nublado,31997,carro,pareja
204,16,15,2024-10-09,10,miércoles,False,1.3,5,positivo,nublado,54030,bus,familia
205,13,26,2023-06-19,6,lunes,True,1.5,4,positivo,lluvioso,14124,carro,familia
206,13,26,2023-07-31,7,lunes,False,3.1,5,positivo,nublado,18562,bus,familia
207,18,95,2023-03-02,3,jueves,False,1.5,3,neutro,lluvioso,55360,moto,pareja
208,19,3,2023-12-26,12,martes,False,2.5,4,positivo,nublado,37441,a pie,pareja
209,16,16,2023-10-15,10,domingo,False,1.1,5,positivo,lluvioso,148231,bus,grupo
210,13,34,2024-07-05,7,viernes,False,2.7,4,positivo,soleado,16034,bus,grupo
211,11,20,2023-11-28,11,martes,False,2.2,5,positivo,nublado,81140,carro,pareja
212,3,174,2023-10-27,10,viernes,False,8.1,4,positivo,soleado,49480,carro,familia
213,21,43,2024-08-09,8,viernes,False,1.4,4,positivo,tormenta,22520,bus,familia
214,3,60,2024-06-10,6,lunes,True,8.2,4,positivo,soleado,94518,carro,solo
215,16,119,2023-04-08,4,sábado,False,2.3,4,positivo,nublado,58885,moto,grupo
216,25,152,2024-02-26,2,lunes,False,3.8,4,positivo,soleado,8885,carro,pareja
217,7,21,2023-10-11,10,miércoles,False,3.8,4,positivo,soleado,107984,bus,grupo
218,18,102,2023-05-10,5,miércoles,False,2.4,4,positivo,soleado,63968,a pie,pareja
219,17,193,2023-05-16,5,martes,False,4.7,4,positivo,lluvioso,67725,carro,familia
220,18,153,2023-05-30,5,martes,False,1.7,4,positivo,soleado,64621,bus,grupo
221,23,8,2023-11-26,11,domingo,False,5.5,4,positivo,lluvioso,163590,carro,solo
222,7,37,2023-09-11,9,lunes,False,1.4,5,positivo,lluvioso,67868,a pie,solo
223,4,73,2024-05-16,5,jueves,False,2.9,4,positivo,nublado,14317,carro,grupo
224,10,186,2024-08-14,8,miércoles,False,5.3,3,neutro,nublado,22610,moto,solo
225,8,108,2024-10-04,10,viernes,False,4.5,4,positivo,nublado,117146,moto,pareja
226,13,116,2024-01-20,1,sábado,False,3.8,4,positivo,soleado,34621,moto,grupo
227,5,178,2023-03-19,3,domingo,False,2.8,5,positivo,nublado,59525,carro,solo
228,17,165,2023-04-06,4,jueves,True,7.9,5,positivo,nublado,18200,carro,solo
229,8,90,2024-06-11,6,martes,False,5.0,4,positivo,lluvioso,208278,carro,familia
230,3,22,2023-10-12,10,jueves,False,7.9,3,neutro,nublado,52093,moto,familia
231,5,66,2024-04-10,4,miércoles,False,2.1,5,positivo,soleado,23992,carro,solo
232,1,155,2023-12-02,12,sábado,False,8.1,5,positivo,lluvioso,131278,carro,familia
233,5,174,2023-01-03,1,martes,False,3.6,4,positivo,soleado,11052,a pie,familia
234,25,50,2024-04-14,4,domingo,False,3.9,4,positivo,lluvioso,28476,bus,familia
235,23,176,2023-03-06,3,lunes,False,3.3,4,positivo,lluvioso,70024,moto,solo
236,6,159,2024-02-12,2,lunes,False,3.0,4,positivo,soleado,69275,carro,solo
237,20,28,2024-03-15,3,viernes,False,5.2,5,positivo,soleado,18883,bus,familia
238,8,152,2024-05-21,5,martes,False,4.7,5,positivo,soleado,88799,moto,pareja
239,23,181,2023-11-27,11,lunes,False,3.0,4,positivo,nublado,163572,taxi,grupo
240,10,53,2023-10-18,10,miércoles,False,5.6,4,positivo,soleado,27135,moto,solo
241,8,158,2024-07-14,7,domingo,False,3.4,4,positivo,soleado,98937,taxi,familia
242,24,64,2023-05-14,5,domingo,False,7.4,4,positivo,tormenta,28551,bus,pareja
243,10,153,2024-05-11,5,sábado,False,4.6,3,neutro,soleado,27527,carro,grupo
244,23,119,2024-11-29,11,viernes,False,4.9,4,positivo,nublado,84955,carro,grupo
245,19,61,2023-02-19,2,domingo,False,3.4,4,positivo,lluvioso,21505,bus,grupo
246,5,165,2023-04-12,4,miércoles,False,1.4,4,positivo,lluvioso,23059,bus,solo
247,19,18,2023-01-17,1,martes,False,1.4,4,positivo,lluvioso,24071,moto,familia
248,19,70,2023-06-11,6,domingo,False,2.2,3,neutro,lluvioso,107840,bus,solo
249,12,24,2024-04-12,4,viernes,False,2.5,4,positivo,soleado,30044,bus,grupo
250,17,183,2024-03-14,3,jueves,False,8.9,4,positivo,soleado,61518,carro,grupo
251,8,10,2024-12-06,12,viernes,False,5.6,4,positivo,nublado,98645,carro,familia
252,24,162,2024-10-27,10,domingo,False,3.5,4,positivo,lluvioso,39783,moto,solo
253,15,175,2023-06-12,6,lunes,True,1.7,3,neutro,soleado,32958,bus,familia
254,9,113,2023-04-06,4,jueves,True,5.2,4,positivo,nublado,81810,moto,familia
255,16,78,2023-09-14,9,jueves,False,3.3,5,positivo,nublado,42700,moto,solo
256,12,111,2024-01-16,1,martes,False,3.1,3,neutro,tormenta,73549,carro,pareja
257,4,46,2024-10-26,10,sábado,False,1.2,4,positivo,soleado,15847,carro,familia
258,13,15,2023-02-23,2,jueves,False,2.0,4,positivo,nublado,30974,a pie,familia
259,22,43,2024-10-02,10,miércoles,False,3.0,4,positivo,lluvioso,48021,bus,familia
260,23,160,2024-12-17,12,martes,False,5.6,5,positivo,tormenta,153989,bus,pareja
261,24,58,2023-08-28,8,lunes,False,4.5,4,positivo,lluvioso,48130,carro,familia
262,21,98,2024-11-02,11,sábado,False,1.5,3,neutro,soleado,10976,carro,pareja
263,3,200,2024-12-21,12,sábado,False,8.7,4,positivo,soleado,56237,carro,grupo
264,25,152,2023-01-02,1,lunes,False,2.9,4,positivo,lluvioso,18986,carro,pareja
265,3,69,2024-05-03,5,viernes,False,7.4,4,positivo,soleado,55107,bus,familia
266,25,33,2023-05-16,5,martes,False,1.9,4,positivo,lluvioso,19823,carro,grupo
267,18,6,2024-06-15,6,sábado,False,2.9,4,positivo,tormenta,127126,carro,familia
268,18,161,2024-03-31,3,domingo,False,1.4,4,positivo,soleado,18608,bus,familia
269,14,137,2023-01-09,1,lunes,True,3.9,4,positivo,nublado,133173,bus,familia
270,2,193,2023-12-18,12,lunes,False,5.5,4,positivo,tormenta,172100,taxi,familia
271,21,37,2023-05-04,5,jueves,False,1.7,4,positivo,nublado,32676,carro,solo
272,13,42,2024-12-11,12,miércoles,False,1.8,4,positivo,soleado,13662,carro,grupo
273,25,79,2024-05-04,5,sábado,False,2.8,4,positivo,lluvioso,9641,bus,pareja
274,18,199,2023-08-23,8,miércoles,False,3.7,3,neutro,nublado,43104,bus,pareja
275,6,50,2023-04-02,4,domingo,False,2.9,4,positivo,soleado,170782,moto,familia
276,12,180,2023-04-15,4,sábado,False,1.9,4,positivo,nublado,23381,carro,familia
277,12,50,2023-11-17,11,viernes,False,2.2,4,positivo,soleado,98177,bus,familia
278,1,92,2023-11-03,11,viernes,False,4.7,5,positivo,soleado,29493,carro,solo
279,22,55,2024-01-27,1,sábado,False,1.9,4,positivo,soleado,22362,bus,familia
280,4,31,2024-10-18,10,viernes,False,2.6,4,positivo,soleado,14362,taxi,familia
281,8,125,2023-03-12,3,domingo,False,2.8,5,positivo,nublado,124767,moto,familia
282,8,191,2024-07-30,7,martes,False,3.4,3,neutro,soleado,111110,moto,familia
283,5,134,2024-09-16,9,lunes,False,1.2,3,neutro,tormenta,60599,a pie,solo
284,19,93,2023-06-18,6,domingo,False,2.8,3,neutro,soleado,34421,carro,familia
285,14,41,2023-12-26,12,martes,False,2.7,4,positivo,lluvioso,69345,carro,grupo
286,8,158,2023-08-07,8,lunes,True,5.6,3,neutro,soleado,84960,carro,familia
287,14,97,2024-02-26,2,lunes,False,1.3,5,positivo,soleado,26496,bus,pareja
288,19,123,2023-08-11,8,viernes,False,3.6,4,positivo,lluvioso,35681,bus,solo
289,3,158,2023-04-13,4,jueves,False,7.2,5,positivo,tormenta,44587,carro,familia
290,4,194,2023-05-07,5,domingo,False,4.0,5,positivo,lluvioso,30167,bus,solo
291,24,107,2023-12-26,12,martes,False,8.4,4,positivo,soleado,96280,bus,pareja
292,23,188,2023-11-19,11,domingo,False,4.5,3,neutro,nublado,44163,bus,familia
293,6,154,2023-09-11,9,lunes,False,3.2,3,neutro,tormenta,111302,bus,solo
294,24,85,2024-10-22,10,martes,False,8.9,5,positivo,soleado,25521,carro,grupo
295,10,53,2023-09-12,9,martes,False,5.5,4,positivo,lluvioso,23672,bus,solo
296,23,78,2024-12-08,12,domingo,True,5.4,3,neutro,tormenta,25878,bus,solo
297,13,59,2024-11-05,11,martes,False,1.8,4,positivo,nublado,24768,carro,grupo
298,12,3,2023-07-30,7,domingo,False,2.3,5,positivo,nublado,36965,moto,pareja
299,11,39,2024-09-13,9,viernes,False,3.7,4,positivo,lluvioso,41696,carro,familia
300,14,167,2023-07-13,7,jueves,False,2.1,3,neutro,tormenta,71010,bus,solo
301,15,48,2024-02-06,2,martes,False,3.3,4,positivo,nublado,34368,bus,familia
302,14,41,2024-10-23,10,miércoles,False,2.9,4,positivo,lluvioso,25576,bus,grupo
303,16,146,2023-09-03,9,domingo,False,2.8,4,positivo,soleado,56216,a pie,familia
304,25,71,2024-01-31,1,miércoles,False,3.6,4,positivo,nublado,12388,bus,grupo
305,2,28,2023-09-04,9,lunes,False,5.7,5,positivo,soleado,77740,carro,familia
306,23,38,2024-10-15,10,martes,False,3.1,4,positivo,lluvioso,44461,carro,pareja
307,12,137,2023-03-14,3,martes,False,1.8,4,positivo,lluvioso,119243,carro,familia
308,8,24,2023-01-13,1,viernes,False,4.4,4,positivo,soleado,113664,taxi,grupo
309,16,151,2023-11-21,11,martes,False,3.4,5,positivo,soleado,87299,moto,solo
310,3,137,2024-02-01,2,jueves,False,6.9,4,positivo,lluvioso,182828,moto,familia
311,20,5,2024-08-05,8,lunes,False,2.3,4,positivo,lluvioso,32581,taxi,pareja
312,3,30,2024-01-10,1,miércoles,False,7.6,3,neutro,lluvioso,141612,carro,familia
313,9,73,2024-11-30,11,sábado,False,4.9,5,positivo,soleado,75661,carro,grupo
314,13,163,2024-04-27,4,sábado,False,1.3,4,positivo,lluvioso,9783,bus,pareja
315,25,183,2023-01-18,1,miércoles,False,3.4,5,positivo,nublado,9425,bus,grupo
316,1,130,2023-01-15,1,domingo,False,3.6,5,positivo,lluvioso,52182,moto,familia
317,13,136,2023-08-09,8,miércoles,False,3.6,3,neutro,soleado,7610,carro,pareja
318,13,174,2023-03-03,3,viernes,False,3.1,5,positivo,lluvioso,31081,taxi,familia
319,15,175,2024-06-02,6,domingo,False,3.4,4,positivo,lluvioso,33775,taxi,familia
320,8,143,2024-10-05,10,sábado,False,4.8,4,positivo,nublado,96418,carro,familia
321,3,51,2024-03-01,3,viernes,False,5.4,4,positivo,soleado,125518,bus,familia
322,4,198,2024-12-19,12,jueves,False,1.4,5,positivo,lluvioso,31363,carro,grupo
323,22,89,2023-03-26,3,domingo,False,3.3,4,positivo,soleado,35582,carro,familia
324,14,113,2024-07-04,7,jueves,False,2.6,4,positivo,lluvioso,17003,moto,familia
325,20,42,2023-10-12,10,jueves,False,5.9,5,positivo,lluvioso,10478,carro,grupo
326,14,86,2023-11-14,11,martes,False,3.0,4,positivo,soleado,14589,carro,pareja
327,10,158,2024-06-07,6,viernes,False,3.0,5,positivo,lluvioso,18316,moto,familia
328,16,46,2023-06-09,6,viernes,False,3.6,3,neutro,nublado,85152,bus,familia
329,11,3,2023-12-01,12,viernes,False,3.1,4,positivo,soleado,37803,carro,pareja
330,20,93,2024-08-23,8,viernes,False,6.0,4,positivo,soleado,9332,carro,familia
331,15,26,2023-11-14,11,martes,False,1.3,4,positivo,soleado,60788,bus,familia
332,17,119,2024-03-23,3,sábado,False,7.2,4,positivo,soleado,62838,carro,grupo
333,25,46,2023-09-02,9,sábado,False,2.8,4,positivo,nublado,8794,carro,familia
334,17,186,2023-09-08,9,viernes,False,8.0,4,positivo,nublado,20650,carro,solo
335,19,192,2024-03-20,3,miércoles,False,4.0,3,neutro,lluvioso,65202,carro,familia
336,7,24,2024-04-09,4,martes,False,1.3,5,positivo,nublado,105127,a pie,grupo
337,5,14,2024-09-15,9,domingo,False,2.9,4,positivo,soleado,21606,moto,familia
338,16,81,2023-11-13,11,lunes,True,3.2,5,positivo,nublado,93652,carro,familia
339,13,3,2024-11-04,11,lunes,True,1.3,4,positivo,lluvioso,16511,carro,pareja
340,19,8,2023-05-03,5,miércoles,False,1.3,3,neutro,tormenta,51660,taxi,solo
341,24,110,2024-12-25,12,miércoles,True,4.0,4,positivo,soleado,14496,carro,familia
342,17,41,2024-12-19,12,jueves,False,4.4,4,positivo,lluvioso,15743,bus,grupo
343,8,134,2023-06-17,6,sábado,False,5.4,5,positivo,soleado,122532,bus,solo
344,5,47,2023-12-22,12,viernes,False,1.9,4,positivo,lluvioso,52275,bus,grupo
345,1,72,2024-06-13,6,jueves,False,6.8,4,positivo,lluvioso,82236,moto,grupo
346,9,69,2023-09-23,9,sábado,False,7.4,5,positivo,nublado,90942,carro,familia
347,13,44,2024-01-16,1,martes,False,4.0,4,positivo,soleado,13318,bus,solo
348,8,151,2023-10-03,10,martes,False,2.6,4,positivo,nublado,206067,bus,solo
349,12,101,2023-05-01,5,lunes,True,2.1,4,positivo,nublado,31923,carro,familia
350,1,118,2023-12-10,12,domingo,False,7.9,4,positivo,lluvioso,39068,moto,familia
351,13,144,2023-10-06,10,viernes,False,1.8,5,positivo,nublado,39331,carro,familia
352,6,138,2023-03-07,3,martes,False,2.2,4,positivo,lluvioso,72232,carro,pareja
353,10,176,2024-12-30,12,lunes,False,3.2,4,positivo,soleado,10050,carro,solo
354,14,24,2024-05-23,5,jueves,False,2.1,3,neutro,lluvioso,51831,carro,grupo
355,16,171,2024-06-07,6,viernes,False,1.1,4,positivo,tormenta,73601,a pie,pareja
356,3,114,2023-02-26,2,domingo,False,5.9,4,positivo,lluvioso,56371,carro,grupo
357,13,101,2024-08-03,8,sábado,False,2.6,4,positivo,soleado,15936,carro,familia
358,11,84,2024-01-12,1,viernes,False,2.8,4,positivo,soleado,45309,carro,pareja
359,25,14,2023-09-19,9,martes,False,2.7,5,positivo,lluvioso,11743,moto,familia
360,4,34,2024-08-10,8,sábado,False,2.4,4,positivo,lluvioso,12558,bus,grupo
361,8,156,2023-08-22,8,martes,False,5.5,4,positivo,nublado,207095,moto,familia
362,8,133,2024-06-05,6,miércoles,False,3.7,5,positivo,lluvioso,90168,carro,familia
363,25,116,2023-02-15,2,miércoles,False,3.7,4,positivo,nublado,5805,bus,grupo
364,12,142,2023-09-08,9,viernes,False,1.5,3,neutro,tormenta,21506,carro,pareja
365,5,126,2024-04-28,4,domingo,False,3.1,5,positivo,lluvioso,19926,bus,familia
366,2,99,2024-01-28,1,domingo,False,3.4,5,positivo,nublado,54835,carro,grupo
367,7,192,2023-07-03,7,lunes,True,2.6,4,positivo,soleado,197392,bus,familia
368,25,60,2023-02-06,2,lunes,False,4.0,5,positivo,soleado,32483,carro,solo
369,5,20,2023-08-18,8,viernes,False,1.3,4,positivo,lluvioso,39089,carro,pareja
370,4,50,2023-09-12,9,martes,False,1.4,4,positivo,nublado,32279,bus,familia
371,17,40,2023-11-24,11,viernes,False,7.8,5,positivo,lluvioso,32777,carro,pareja
372,8,12,2023-03-21,3,martes,False,3.9,4,positivo,soleado,184912,carro,grupo
373,17,191,2024-01-17,1,miércoles,False,4.2,4,positivo,lluvioso,50650,moto,familia
374,13,134,2024-05-29,5,miércoles,False,2.3,5,positivo,lluvioso,8451,taxi,solo
375,4,134,2023-07-03,7,lunes,True,2.2,5,positivo,soleado,19626,carro,solo
376,1,44,2024-06-12,6,miércoles,False,3.3,5,positivo,lluvioso,61019,carro,solo
377,19,27,2024-02-15,2,jueves,False,3.8,4,positivo,soleado,59034,moto,grupo
378,5,189,2024-04-21,4,domingo,False,2.8,3,neutro,lluvioso,36501,carro,grupo
379,6,101,2023-11-15,11,miércoles,False,1.8,5,positivo,soleado,76449,bus,familia
380,4,108,2023-03-30,3,jueves,False,2.2,4,positivo,soleado,34933,bus,pareja
381,9,133,2023-01-09,1,lunes,True,6.2,4,positivo,nublado,104177,bus,familia
382,2,27,2023-07-25,7,martes,False,5.1,4,positivo,nublado,103219,carro,grupo
383,6,32,2024-07-31,7,miércoles,False,1.4,3,neutro,soleado,54958,moto,pareja
384,21,200,2024-09-29,9,domingo,False,3.9,4,positivo,lluvioso,20897,bus,grupo
385,4,126,2024-04-20,4,sábado,False,1.5,4,positivo,soleado,29135,bus,familia
386,10,190,2024-08-28,8,miércoles,False,5.0,4,positivo,soleado,37332,bus,familia
387,25,157,2023-07-20,7,jueves,True,1.3,5,positivo,lluvioso,21064,bus,familia
388,22,134,2023-06-04,6,domingo,False,1.3,3,neutro,soleado,28417,moto,solo
389,21,99,2024-02-24,2,sábado,False,3.7,3,neutro,lluvioso,6566,bus,grupo
390,15,79,2023-08-27,8,domingo,False,1.9,4,positivo,nublado,22745,moto,pareja
391,22,116,2023-12-21,12,jueves,False,2.9,4,positivo,soleado,18314,bus,grupo
392,10,100,2023-12-10,12,domingo,False,3.5,3,neutro,lluvioso,5095,carro,pareja
393,15,134,2024-11-04,11,lunes,True,2.1,4,positivo,nublado,39659,bus,solo
394,16,48,2023-11-11,11,sábado,False,2.8,5,positivo,nublado,56812,taxi,familia
395,22,98,2023-07-30,7,domingo,False,1.6,4,positivo,nublado,62721,bus,pareja
396,22,114,2023-09-01,9,viernes,False,1.4,4,positivo,lluvioso,31756,bus,grupo
397,6,178,2024-05-18,5,sábado,False,3.2,4,positivo,soleado,58925,a pie,solo
398,3,72,2023-05-26,5,viernes,False,5.4,5,positivo,nublado,96638,carro,grupo
399,24,28,2023-10-14,10,sábado,False,3.9,4,positivo,lluvioso,26096,carro,familia
400,6,69,2023-02-14,2,martes,False,3.8,4,positivo,nublado,70169,bus,familia
401,13,99,2024-06-16,6,domingo,False,3.1,5,positivo,soleado,32070,bus,grupo
402,23,22,2024-12-18,12,miércoles,False,5.5,4,positivo,soleado,37205,bus,familia
403,11,54,2024-04-14,4,domingo,False,3.5,4,positivo,lluvioso,84014,carro,familia
404,23,67,2023-03-28,3,martes,False,2.6,3,neutro,nublado,73061,taxi,familia
405,1,54,2023-04-08,4,sábado,False,7.5,4,positivo,nublado,68123,bus,familia
406,23,155,2023-05-17,5,miércoles,False,3.3,3,neutro,tormenta,138521,bus,familia
407,19,194,2024-02-08,2,jueves,False,1.2,4,positivo,nublado,22452,carro,solo
408,9,53,2024-08-29,8,jueves,False,6.8,4,positivo,lluvioso,174425,carro,solo
409,18,3,2023-03-05,3,domingo,False,3.7,4,positivo,nublado,22253,bus,pareja
410,9,178,2024-11-09,11,sábado,False,8.5,5,positivo,tormenta,88566,carro,solo
411,23,137,2023-08-31,8,jueves,False,3.9,3,neutro,lluvioso,93230,moto,familia
412,7,98,2023-09-25,9,lunes,False,2.7,5,positivo,soleado,85644,taxi,pareja
413,3,194,2024-02-07,2,miércoles,False,8.9,5,positivo,soleado,50690,carro,solo
414,9,147,2023-11-22,11,miércoles,False,7.1,4,positivo,lluvioso,159343,carro,grupo
415,17,101,2023-10-06,10,viernes,False,7.9,4,positivo,soleado,30309,carro,familia
416,25,161,2023-03-18,3,sábado,False,1.9,4,positivo,nublado,18284,taxi,familia
417,9,121,2023-05-20,5,sábado,False,3.4,5,positivo,lluvioso,202227,carro,familia
418,11,41,2024-08-21,8,miércoles,False,3.8,4,positivo,lluvioso,42141,moto,grupo
419,18,89,2023-06-09,6,viernes,False,2.9,4,positivo,nublado,11462,carro,familia
420,3,192,2023-06-18,6,domingo,False,4.6,4,positivo,nublado,128925,bus,familia
421,21,195,2024-04-22,4,lunes,False,3.8,3,neutro,nublado,25580,carro,solo
422,15,31,2024-02-21,2,miércoles,False,3.3,4,positivo,lluvioso,22912,bus,familia
423,5,6,2024-07-02,7,martes,False,1.5,4,positivo,nublado,84961,carro,familia
424,2,68,2023-08-01,8,martes,False,5.2,3,neutro,tormenta,49808,bus,pareja
425,17,144,2023-11-12,11,domingo,False,6.7,4,positivo,nublado,20182,bus,familia
426,19,151,2023-09-29,9,viernes,False,3.1,3,neutro,nublado,161736,taxi,solo
427,25,98,2023-05-03,5,miércoles,False,1.8,5,positivo,soleado,10925,a pie,pareja
428,15,52,2023-06-11,6,domingo,False,3.3,3,neutro,nublado,14968,carro,familia
429,1,18,2024-12-22,12,domingo,False,5.8,3,neutro,nublado,44769,moto,familia
430,16,104,2023-02-11,2,sábado,False,1.3,4,positivo,nublado,47045,carro,grupo
431,8,120,2023-12-02,12,sábado,False,5.9,4,positivo,lluvioso,84860,bus,familia
432,7,127,2023-04-04,4,martes,False,1.4,4,positivo,soleado,111606,moto,familia
433,7,156,2023-09-12,9,martes,False,3.1,4,positivo,lluvioso,131627,a pie,familia
434,19,98,2024-02-10,2,sábado,False,2.6,3,neutro,soleado,63650,taxi,pareja
435,15,44,2023-02-20,2,lunes,False,3.3,3,neutro,lluvioso,123759,moto,solo
436,9,165,2023-11-03,11,viernes,False,3.7,5,positivo,soleado,78525,carro,solo
437,12,122,2023-06-28,6,miércoles,False,1.9,4,positivo,nublado,32036,carro,solo
438,8,10,2024-02-19,2,lunes,False,2.7,4,positivo,nublado,119635,carro,familia
439,3,82,2024-07-23,7,martes,False,6.7,4,positivo,nublado,58026,bus,familia
440,4,188,2023-09-13,9,miércoles,False,1.1,4,positivo,soleado,11207,moto,familia
441,18,99,2024-04-18,4,jueves,False,3.1,4,positivo,lluvioso,24678,a pie,grupo
442,2,68,2023-05-24,5,miércoles,False,4.6,4,positivo,soleado,38979,a pie,pareja
443,7,108,2023-01-13,1,viernes,False,3.7,5,positivo,nublado,69041,carro,pareja
444,4,41,2023-08-16,8,miércoles,False,2.8,3,neutro,nublado,13566,carro,grupo
445,11,169,2023-07-22,7,sábado,False,3.2,4,positivo,soleado,38126,carro,familia
446,18,197,2024-01-17,1,miércoles,False,4.0,4,positivo,tormenta,10753,carro,pareja
447,11,42,2024-08-19,8,lunes,True,2.0,5,positivo,soleado,73411,carro,grupo
448,15,123,2023-09-23,9,sábado,False,2.7,4,positivo,lluvioso,19914,carro,solo
449,17,95,2023-01-23,1,lunes,False,7.6,3,neutro,lluvioso,19225,carro,pareja
450,9,191,2023-07-22,7,sábado,False,4.7,5,positivo,soleado,218291,moto,familia
451,20,170,2024-10-23,10,miércoles,False,2.3,5,positivo,soleado,34060,moto,grupo
452,12,54,2023-05-12,5,viernes,False,3.7,3,neutro,soleado,36027,bus,familia
453,19,132,2023-12-06,12,miércoles,False,1.6,4,positivo,tormenta,24014,bus,pareja
454,14,45,2023-02-13,2,lunes,False,3.7,4,positivo,nublado,52211,a pie,pareja
455,20,25,2023-02-21,2,martes,False,3.4,5,positivo,lluvioso,16009,moto,grupo
456,21,61,2024-08-10,8,sábado,False,1.5,4,positivo,lluvioso,33387,carro,grupo
457,2,200,2024-02-09,2,viernes,False,4.0,4,positivo,lluvioso,77514,carro,grupo
458,12,35,2023-01-31,1,martes,False,3.6,3,neutro,soleado,55082,carro,solo
459,13,3,2024-11-30,11,sábado,False,1.6,5,positivo,lluvioso,32961,a pie,pareja
460,17,75,2023-06-26,6,lunes,False,6.7,5,positivo,soleado,16598,carro,solo
461,16,190,2023-08-08,8,martes,False,3.8,4,positivo,nublado,62265,a pie,familia
462,12,16,2023-10-09,10,lunes,False,2.0,5,positivo,soleado,86681,bus,grupo
463,24,131,2024-04-01,4,lunes,False,8.5,4,positivo,lluvioso,14870,carro,pareja
464,19,21,2023-02-05,2,domingo,False,1.1,4,positivo,lluvioso,70246,carro,grupo
465,5,52,2024-09-26,9,jueves,False,2.3,4,positivo,nublado,16053,a pie,familia
466,5,122,2024-10-24,10,jueves,False,3.2,5,positivo,soleado,37340,carro,solo
467,11,91,2024-05-25,5,sábado,False,1.8,4,positivo,soleado,109000,carro,pareja
468,4,32,2024-07-17,7,miércoles,False,2.7,4,positivo,nublado,36393,carro,pareja
469,15,38,2023-03-04,3,sábado,False,2.5,3,neutro,lluvioso,7874,carro,pareja
470,19,193,2023-10-14,10,sábado,False,1.9,3,neutro,soleado,100202,moto,familia
471,18,175,2023-05-21,5,domingo,False,3.9,4,positivo,soleado,45474,moto,familia
472,9,40,2023-07-24,7,lunes,False,7.3,4,positivo,lluvioso,122116,bus,pareja
473,21,26,2024-06-22,6,sábado,False,3.4,3,neutro,nublado,21328,a pie,familia
474,22,141,2024-10-07,10,lunes,False,3.7,5,positivo,tormenta,35814,bus,solo
475,16,126,2023-01-20,1,viernes,False,2.8,5,positivo,soleado,52533,carro,familia
476,14,66,2024-12-31,12,martes,False,1.7,4,positivo,lluvioso,23767,carro,solo
477,4,137,2024-05-06,5,lunes,False,2.1,4,positivo,soleado,36763,carro,familia
478,9,186,2023-12-19,12,martes,False,5.7,4,positivo,soleado,117070,bus,solo
479,12,72,2024-05-29,5,miércoles,False,2.9,3,neutro,soleado,51076,carro,grupo
480,2,111,2024-02-02,2,viernes,False,5.8,5,positivo,lluvioso,62723,taxi,pareja
481,20,77,2023-07-04,7,martes,False,2.4,4,positivo,soleado,6708,carro,solo
482,23,143,2023-11-23,11,jueves,False,4.2,3,neutro,soleado,44566,bus,familia
483,3,18,2023-08-13,8,domingo,False,3.8,4,positivo,tormenta,40960,bus,familia
484,11,92,2023-10-15,10,domingo,False,1.1,5,positivo,soleado,26919,carro,solo
485,6,166,2024-04-28,4,domingo,False,2.6,4,positivo,nublado,89696,carro,pareja
486,19,198,2024-01-02,1,martes,False,2.0,4,positivo,tormenta,39136,moto,grupo
487,14,50,2023-08-27,8,domingo,False,3.2,4,positivo,soleado,62922,moto,familia
488,15,111,2023-04-13,4,jueves,False,3.3,4,positivo,lluvioso,31243,moto,pareja
489,16,90,2024-11-03,11,domingo,False,3.4,5,positivo,nublado,101608,bus,familia
490,7,190,2023-09-30,9,sábado,False,3.1,4,positivo,soleado,99975,carro,familia
491,20,181,2023-02-27,2,lunes,False,3.6,5,positivo,lluvioso,19379,carro,grupo
492,22,23,2024-08-12,8,lunes,False,2.2,4,positivo,soleado,53455,taxi,familia
493,2,151,2023-12-30,12,sábado,False,3.2,5,positivo,tormenta,174998,bus,solo
494,5,25,2023-06-27,6,martes,False,1.9,4,positivo,tormenta,29540,a pie,grupo
495,18,77,2023-08-31,8,jueves,False,1.6,4,positivo,soleado,27415,bus,solo
496,16,15,2023-11-22,11,miércoles,False,4.0,5,positivo,lluvioso,51756,a pie,familia
497,11,153,2024-08-28,8,miércoles,False,2.6,4,positivo,soleado,36848,a pie,grupo
498,4,183,2024-12-21,12,sábado,False,2.5,5,positivo,soleado,28047,taxi,grupo
499,24,29,2024-08-04,8,domingo,False,8.0,4,positivo,soleado,56936,carro,familia
500,19,43,2023-05-26,5,viernes,False,2.8,2,negativo,soleado,66903,carro,familia
501,9,30,2023-07-12,7,miércoles,False,7.3,5,positivo,soleado,209667,bus,familia
502,4,193,2024-05-19,5,domingo,False,1.4,4,positivo,soleado,25254,moto,familia
503,17,163,2023-06-29,6,jueves,False,6.9,5,positivo,lluvioso,21070,carro,pareja
504,2,116,2023-02-08,2,miércoles,False,5.6,4,positivo,lluvioso,37957,moto,grupo
505,7,109,2023-02-27,2,lunes,False,3.7,4,positivo,soleado,80245,taxi,solo
506,7,165,2024-09-08,9,domingo,False,3.6,4,positivo,soleado,62169,bus,solo
507,5,38,2023-01-21,1,sábado,False,3.9,4,positivo,soleado,25250,carro,pareja
508,14,9,2024-05-04,5,sábado,False,4.0,4,positivo,nublado,22044,carro,pareja
509,11,167,2023-12-06,12,miércoles,False,2.3,3,neutro,nublado,75247,taxi,solo
510,3,67,2023-07-26,7,miércoles,False,3.5,4,positivo,soleado,58551,moto,familia
511,9,59,2023-12-15,12,viernes,False,8.2,4,positivo,soleado,126985,carro,grupo
512,23,175,2023-07-01,7,sábado,False,4.3,3,neutro,lluvioso,56206,a pie,familia
513,2,183,2023-03-02,3,jueves,False,3.5,5,positivo,lluvioso,67872,a pie,grupo
514,18,85,2023-06-01,6,jueves,False,3.4,4,positivo,soleado,56444,carro,grupo
515,20,30,2024-12-22,12,domingo,False,5.9,4,positivo,lluvioso,14283,taxi,familia
516,22,20,2023-04-24,4,lunes,False,2.0,5,positivo,nublado,62491,carro,pareja
517,8,98,2024-01-09,1,martes,False,5.7,5,positivo,lluvioso,94753,carro,pareja
518,20,185,2024-01-18,1,jueves,False,2.2,4,positivo,soleado,30925,bus,grupo
519,12,7,2024-08-23,8,viernes,False,2.2,4,positivo,nublado,63242,moto,familia
520,4,169,2023-12-11,12,lunes,False,3.9,4,positivo,nublado,24776,bus,familia
521,25,171,2023-11-27,11,lunes,False,1.5,4,positivo,nublado,13942,moto,pareja
522,23,36,2023-06-11,6,domingo,False,3.4,4,positivo,soleado,82995,moto,grupo
523,12,187,2024-03-23,3,sábado,False,1.4,4,positivo,soleado,71894,carro,grupo
524,22,92,2024-05-13,5,lunes,True,2.2,4,positivo,lluvioso,28396,carro,solo
525,2,148,2023-06-28,6,miércoles,False,3.4,4,positivo,lluvioso,53414,carro,familia
526,10,86,2024-12-11,12,miércoles,False,4.9,4,positivo,lluvioso,28384,bus,pareja
527,15,132,2023-08-17,8,jueves,False,1.5,3,neutro,nublado,24298,bus,pareja
528,8,81,2023-06-29,6,jueves,False,5.5,4,positivo,soleado,114797,bus,familia
529,21,172,2023-11-11,11,sábado,False,2.8,4,positivo,tormenta,24301,carro,pareja
530,18,134,2023-05-11,5,jueves,False,2.9,3,neutro,soleado,29646,carro,solo
531,25,90,2023-01-02,1,lunes,False,2.2,5,positivo,soleado,30663,taxi,familia
532,1,37,2024-08-04,8,domingo,False,6.2,4,positivo,lluvioso,26061,carro,solo
533,9,61,2023-07-06,7,jueves,False,3.5,4,positivo,lluvioso,89739,moto,grupo
534,11,34,2023-11-22,11,miércoles,False,2.9,5,positivo,tormenta,75067,bus,grupo
535,24,194,2023-08-15,8,martes,False,6.0,4,positivo,tormenta,28531,carro,solo
536,9,35,2023-04-17,4,lunes,False,8.0,4,positivo,lluvioso,112517,carro,solo
537,6,7,2023-05-25,5,jueves,False,2.8,5,positivo,nublado,118406,carro,familia
538,4,78,2023-03-21,3,martes,False,2.3,4,positivo,soleado,20597,bus,solo
539,23,59,2023-12-22,12,viernes,False,5.8,4,positivo,lluvioso,55939,taxi,grupo
540,25,199,2023-06-21,6,miércoles,False,1.1,4,positivo,nublado,10814,taxi,pareja
541,19,197,2024-12-26,12,jueves,False,2.5,4,positivo,lluvioso,31001,carro,pareja
542,10,16,2024-04-02,4,martes,False,3.0,3,neutro,nublado,5746,bus,grupo
543,19,98,2023-09-29,9,viernes,False,1.8,3,neutro,soleado,43741,bus,pareja
544,24,102,2023-09-13,9,miércoles,False,5.1,5,positivo,lluvioso,65427,carro,pareja
545,12,18,2023-03-11,3,sábado,False,2.3,3,neutro,lluvioso,31484,moto,familia
546,20,9,2023-09-20,9,miércoles,False,5.0,5,positivo,lluvioso,12080,a pie,pareja
547,13,115,2023-01-02,1,lunes,False,1.1,5,positivo,soleado,8155,carro,pareja
548,25,91,2024-01-31,1,miércoles,False,3.4,4,positivo,soleado,33719,bus,pareja
549,3,73,2024-03-05,3,martes,False,7.1,4,positivo,lluvioso,45450,moto,grupo
550,23,8,2024-02-28,2,miércoles,False,3.0,4,positivo,lluvioso,119629,carro,solo
551,13,22,2024-01-23,1,martes,False,2.6,4,positivo,nublado,28018,moto,familia
552,16,137,2024-07-13,7,sábado,False,3.0,5,positivo,nublado,119197,bus,familia
553,19,1,2023-04-14,4,viernes,False,3.4,5,positivo,tormenta,61423,taxi,familia
554,23,5,2024-08-14,8,miércoles,False,5.7,4,positivo,lluvioso,140323,carro,pareja
555,16,100,2024-12-04,12,miércoles,False,1.2,5,positivo,nublado,64783,bus,pareja
556,8,117,2023-06-16,6,viernes,False,4.9,5,positivo,lluvioso,119575,carro,familia
557,18,40,2023-03-17,3,viernes,False,1.4,4,positivo,soleado,20189,carro,pareja
558,6,193,2023-10-29,10,domingo,False,3.9,4,positivo,lluvioso,77631,carro,familia
559,25,195,2023-11-23,11,jueves,False,1.9,4,positivo,nublado,22113,carro,solo
560,1,37,2023-04-18,4,martes,False,7.1,5,positivo,soleado,27431,moto,solo
561,9,191,2023-12-17,12,domingo,False,8.6,4,positivo,nublado,122296,carro,familia
562,23,73,2024-01-20,1,sábado,False,2.8,4,positivo,tormenta,30272,a pie,grupo
563,11,49,2023-03-18,3,sábado,False,3.0,4,positivo,lluvioso,70851,moto,pareja
564,17,137,2023-04-06,4,jueves,True,7.2,4,positivo,tormenta,79295,moto,familia
565,21,52,2024-08-31,8,sábado,False,2.8,3,neutro,tormenta,36636,carro,familia
566,19,92,2024-12-22,12,domingo,False,3.5,4,positivo,nublado,21015,bus,solo
567,25,191,2024-03-17,3,domingo,False,1.8,4,positivo,nublado,15813,moto,familia
568,3,152,2024-09-13,9,viernes,False,7.2,5,positivo,soleado,54227,carro,pareja
569,10,183,2023-06-10,6,sábado,False,5.9,4,positivo,soleado,8509,carro,grupo
570,24,32,2023-04-14,4,viernes,False,3.7,4,positivo,tormenta,20849,carro,pareja
571,8,174,2023-07-30,7,domingo,False,4.0,4,positivo,soleado,86225,a pie,familia
572,15,94,2024-02-24,2,sábado,False,3.3,4,positivo,soleado,126382,bus,familia
573,6,91,2024-07-21,7,domingo,False,1.6,5,positivo,soleado,169638,carro,pareja
574,21,143,2024-07-07,7,domingo,False,2.9,3,neutro,nublado,22384,bus,familia
575,6,5,2024-11-07,11,jueves,False,2.1,4,positivo,soleado,111899,bus,pareja
576,7,182,2023-11-01,11,miércoles,False,2.5,4,positivo,soleado,80567,carro,familia
577,9,200,2023-04-09,4,domingo,False,3.1,4,positivo,lluvioso,83252,carro,grupo
578,14,162,2024-02-07,2,miércoles,False,2.6,4,positivo,nublado,59471,bus,solo
579,23,16,2024-07-16,7,martes,False,5.2,3,neutro,lluvioso,165081,a pie,grupo
580,24,35,2024-05-17,5,viernes,False,8.5,4,positivo,lluvioso,30065,carro,solo
581,5,65,2023-02-25,2,sábado,False,1.5,4,positivo,soleado,19823,a pie,familia
582,14,26,2023-01-04,1,miércoles,False,3.0,5,positivo,soleado,50023,carro,familia
583,16,200,2023-03-31,3,viernes,False,1.8,4,positivo,lluvioso,69303,carro,grupo
584,17,1,2024-11-08,11,viernes,False,6.2,4,positivo,nublado,55965,moto,familia
585,4,19,2024-09-06,9,viernes,False,3.5,4,positivo,lluvioso,36478,taxi,familia
586,13,35,2023-07-24,7,lunes,False,2.3,4,positivo,lluvioso,11356,bus,solo
587,17,142,2023-01-27,1,viernes,False,5.8,5,positivo,nublado,11781,carro,pareja
588,1,83,2023-06-24,6,sábado,False,6.5,5,positivo,lluvioso,76824,bus,pareja
589,23,90,2023-10-26,10,jueves,False,2.4,4,positivo,soleado,65739,carro,familia
590,24,192,2024-04-29,4,lunes,False,6.9,5,positivo,lluvioso,150594,carro,familia
591,18,80,2023-04-29,4,sábado,False,3.4,4,positivo,lluvioso,18104,carro,familia
592,18,22,2024-02-12,2,lunes,False,2.8,3,neutro,lluvioso,23431,a pie,familia
593,12,22,2024-05-15,5,miércoles,False,1.5,4,positivo,soleado,28683,carro,familia
594,11,114,2023-04-04,4,martes,False,3.9,4,positivo,nublado,42829,moto,grupo
595,17,135,2024-02-01,2,jueves,False,8.8,5,positivo,soleado,27116,bus,familia
596,22,5,2024-01-15,1,lunes,False,3.9,5,positivo,nublado,164063,bus,pareja
597,21,107,2024-01-26,1,viernes,False,2.5,3,neutro,nublado,29209,taxi,pareja
598,7,13,2023-07-11,7,martes,False,1.8,4,positivo,soleado,69607,carro,familia
599,10,58,2023-02-15,2,miércoles,False,2.9,5,positivo,soleado,22255,a pie,familia
600,23,50,2024-03-26,3,martes,False,4.4,4,positivo,nublado,115956,bus,familia
601,24,88,2023-09-27,9,miércoles,False,5.3,4,positivo,nublado,34827,bus,pareja
602,2,181,2023-10-03,10,martes,False,5.4,5,positivo,soleado,138956,a pie,grupo
603,9,185,2023-03-05,3,domingo,False,5.5,5,positivo,soleado,89904,moto,grupo
604,23,149,2024-12-14,12,sábado,False,4.5,4,positivo,nublado,78743,moto,solo
605,16,185,2023-04-10,4,lunes,False,2.3,4,positivo,lluvioso,55616,bus,grupo
606,16,166,2024-11-15,11,viernes,False,2.6,4,positivo,lluvioso,72530,taxi,pareja
607,8,2,2024-07-08,7,lunes,False,4.5,4,positivo,nublado,117131,carro,solo
608,10,84,2024-08-26,8,lunes,False,4.8,3,neutro,lluvioso,19910,bus,pareja
609,20,127,2024-07-20,7,sábado,True,4.7,4,positivo,soleado,8996,a pie,familia
610,15,128,2024-02-01,2,jueves,False,2.9,3,neutro,soleado,49247,taxi,solo
611,17,146,2024-03-04,3,lunes,False,7.1,4,positivo,nublado,22547,carro,familia
612,15,194,2024-12-04,12,miércoles,False,1.9,4,positivo,lluvioso,20559,moto,solo
613,6,74,2024-08-09,8,viernes,False,1.1,5,positivo,lluvioso,52721,taxi,familia
614,20,96,2024-05-02,5,jueves,False,3.5,4,positivo,soleado,24585,carro,grupo
615,10,87,2023-03-22,3,miércoles,False,5.7,4,positivo,nublado,30873,carro,familia
616,16,168,2023-02-05,2,domingo,False,2.7,4,positivo,soleado,82905,moto,familia
617,19,168,2024-08-07,8,miércoles,True,2.2,4,positivo,nublado,63870,carro,familia
618,24,80,2024-08-08,8,jueves,False,8.9,3,neutro,soleado,14831,carro,familia
619,5,47,2023-05-04,5,jueves,False,1.8,4,positivo,tormenta,67623,taxi,grupo
620,3,62,2024-04-04,4,jueves,False,5.9,4,positivo,soleado,45664,carro,familia
621,13,63,2023-06-21,6,miércoles,False,2.8,5,positivo,lluvioso,18886,bus,solo
622,13,106,2023-07-17,7,lunes,False,2.9,4,positivo,nublado,13269,bus,grupo
623,25,177,2023-02-13,2,lunes,False,2.6,4,positivo,soleado,32746,moto,grupo
624,16,50,2023-03-22,3,miércoles,False,1.5,5,positivo,lluvioso,159538,bus,familia
625,22,76,2024-03-21,3,jueves,False,1.4,4,positivo,nublado,24616,bus,familia
626,20,163,2024-10-04,10,viernes,False,5.7,4,positivo,soleado,14691,moto,pareja
627,7,119,2024-09-01,9,domingo,False,3.0,4,positivo,lluvioso,81900,bus,grupo
628,14,43,2023-11-24,11,viernes,False,2.3,4,positivo,lluvioso,69651,moto,familia
629,11,101,2023-03-10,3,viernes,False,3.0,4,positivo,nublado,40703,carro,familia
630,5,73,2024-02-02,2,viernes,False,3.6,3,neutro,soleado,26230,bus,grupo
631,3,102,2024-02-11,2,domingo,False,6.5,5,positivo,tormenta,86179,carro,pareja
632,22,41,2023-11-30,11,jueves,False,2.3,4,positivo,nublado,46101,bus,grupo
633,24,140,2024-06-16,6,domingo,False,7.9,4,positivo,soleado,25012,moto,solo
634,16,149,2023-01-13,1,viernes,False,3.6,5,positivo,lluvioso,95902,carro,solo
635,21,41,2024-09-30,9,lunes,False,1.7,3,neutro,nublado,39246,carro,grupo
636,18,24,2024-03-05,3,martes,False,1.7,4,positivo,nublado,25374,bus,grupo
637,8,29,2024-02-29,2,jueves,False,4.7,4,positivo,nublado,99806,bus,familia
638,14,139,2023-06-01,6,jueves,False,2.4,3,neutro,nublado,30566,bus,familia
639,10,68,2024-08-25,8,domingo,False,4.3,3,neutro,lluvioso,11566,carro,pareja
640,17,167,2023-04-19,4,miércoles,False,3.2,4,positivo,soleado,51876,carro,solo
641,23,179,2023-04-14,4,viernes,False,4.2,4,positivo,soleado,34374,moto,familia
642,8,40,2024-07-02,7,martes,False,5.1,3,neutro,soleado,112535,carro,pareja
643,12,120,2024-02-25,2,domingo,False,3.4,4,positivo,lluvioso,28655,moto,familia
644,23,5,2024-01-28,1,domingo,False,4.9,4,positivo,lluvioso,140824,a pie,pareja
645,9,184,2024-05-12,5,domingo,False,3.1,4,positivo,tormenta,88744,bus,pareja
646,6,173,2024-09-15,9,domingo,False,3.9,5,positivo,soleado,86001,bus,solo
647,11,187,2023-02-08,2,miércoles,False,2.4,3,neutro,soleado,46285,carro,grupo
648,20,131,2023-10-10,10,martes,False,2.4,3,neutro,lluvioso,31409,bus,pareja
649,16,133,2023-05-28,5,domingo,False,1.4,4,positivo,tormenta,90517,bus,familia
650,15,82,2024-09-15,9,domingo,False,2.9,4,positivo,soleado,18163,a pie,familia
651,14,141,2023-02-09,2,jueves,False,2.6,4,positivo,tormenta,24969,carro,solo
652,5,100,2023-12-06,12,miércoles,False,2.2,4,positivo,tormenta,63253,carro,pareja
653,18,2,2023-09-01,9,viernes,False,3.2,4,positivo,lluvioso,21230,carro,solo
654,7,171,2024-05-01,5,miércoles,True,2.5,3,neutro,soleado,82601,moto,pareja
655,1,137,2024-01-17,1,miércoles,False,8.7,5,positivo,soleado,57651,moto,familia
656,9,146,2023-12-12,12,martes,False,7.8,4,positivo,soleado,79930,carro,familia
657,7,147,2023-11-15,11,miércoles,False,2.7,4,positivo,nublado,121745,bus,grupo
658,3,63,2024-05-18,5,sábado,False,7.4,3,neutro,nublado,43218,moto,solo
659,6,157,2023-08-22,8,martes,False,3.5,4,positivo,lluvioso,49403,carro,familia
660,1,94,2023-11-04,11,sábado,False,8.3,5,positivo,lluvioso,152481,carro,familia
661,25,20,2024-03-29,3,viernes,True,2.9,4,positivo,nublado,26028,carro,pareja
662,4,43,2023-10-03,10,martes,False,1.8,5,positivo,nublado,32313,moto,familia
663,6,87,2024-09-11,9,miércoles,False,1.4,4,positivo,soleado,97307,carro,familia
664,20,11,2023-04-02,4,domingo,False,5.7,4,positivo,nublado,17316,bus,solo
665,13,165,2024-03-28,3,jueves,True,2.7,4,positivo,soleado,18853,moto,solo
666,17,135,2024-02-21,2,miércoles,False,7.1,5,positivo,soleado,63558,carro,familia
667,17,43,2024-05-11,5,sábado,False,5.2,5,positivo,nublado,64774,bus,familia
668,12,182,2024-06-12,6,miércoles,False,1.4,4,positivo,soleado,54504,moto,familia
669,6,60,2023-02-27,2,lunes,False,1.2,4,positivo,lluvioso,88768,moto,solo
670,6,65,2023-06-12,6,lunes,True,2.6,4,positivo,nublado,47150,moto,familia
671,11,175,2023-11-15,11,miércoles,False,1.1,5,positivo,nublado,81502,bus,familia
672,6,19,2024-06-02,6,domingo,False,2.8,4,positivo,soleado,81436,taxi,familia
673,18,50,2023-05-19,5,viernes,False,1.1,4,positivo,nublado,140303,carro,familia
674,14,141,2024-06-20,6,jueves,False,1.2,3,neutro,lluvioso,30634,a pie,solo
675,17,119,2023-01-30,1,lunes,False,5.6,4,positivo,soleado,26386,moto,grupo
676,13,140,2023-07-17,7,lunes,False,3.0,5,positivo,nublado,18154,carro,solo
677,17,56,2023-03-01,3,miércoles,False,7.9,4,positivo,lluvioso,31350,carro,grupo
678,8,170,2023-02-03,2,viernes,False,5.1,5,positivo,soleado,94956,carro,grupo
679,4,200,2023-02-21,2,martes,False,3.1,4,positivo,soleado,28617,bus,grupo
680,11,105,2024-12-22,12,domingo,False,2.0,4,positivo,nublado,31524,moto,pareja
681,25,172,2023-10-08,10,domingo,False,2.3,4,positivo,soleado,29140,a pie,pareja
682,8,95,2024-04-20,4,sábado,False,5.2,4,positivo,lluvioso,123103,carro,pareja
683,12,64,2024-02-11,2,domingo,False,1.7,4,positivo,nublado,24059,carro,pareja
684,21,7,2024-11-28,11,jueves,False,3.7,4,positivo,nublado,7002,carro,familia
685,4,157,2023-09-05,9,martes,False,4.0,4,positivo,lluvioso,29409,bus,familia
686,21,184,2024-05-15,5,miércoles,False,3.0,3,neutro,soleado,34235,moto,pareja
687,10,21,2023-07-01,7,sábado,False,5.6,5,positivo,tormenta,36102,moto,grupo
688,5,146,2024-08-23,8,viernes,False,3.8,4,positivo,soleado,26066,taxi,familia
689,16,126,2023-12-25,12,lunes,True,1.5,4,positivo,nublado,51280,moto,familia
690,24,113,2023-06-17,6,sábado,False,4.9,5,positivo,nublado,18475,carro,familia
691,14,2,2024-12-06,12,viernes,False,1.5,4,positivo,tormenta,27923,carro,solo
692,12,147,2023-10-19,10,jueves,False,3.0,4,positivo,lluvioso,53597,a pie,grupo
693,25,9,2024-01-31,1,miércoles,False,2.3,4,positivo,nublado,8253,moto,pareja
694,8,4,2023-06-16,6,viernes,False,4.6,4,positivo,nublado,98751,a pie,pareja
695,7,59,2023-08-08,8,martes,False,2.5,5,positivo,lluvioso,79506,bus,grupo
696,1,166,2024-10-24,10,jueves,False,4.9,4,positivo,soleado,49752,moto,pareja
697,1,4,2024-11-24,11,domingo,False,5.7,4,positivo,soleado,31774,moto,pareja
698,2,10,2023-10-03,10,martes,False,4.1,4,positivo,soleado,87702,bus,familia
699,17,75,2024-02-24,2,sábado,False,4.1,5,positivo,lluvioso,21819,carro,solo
700,11,190,2023-01-21,1,sábado,False,3.1,3,neutro,lluvioso,79708,bus,familia
701,1,73,2023-01-10,1,martes,False,4.3,4,positivo,lluvioso,40535,moto,grupo
702,22,119,2023-05-16,5,martes,False,2.9,4,positivo,lluvioso,70426,bus,grupo
703,13,54,2023-06-27,6,martes,False,1.1,4,positivo,nublado,5554,bus,familia
704,22,89,2023-08-18,8,viernes,False,1.5,4,positivo,nublado,26270,bus,familia
705,14,193,2024-09-14,9,sábado,False,2.3,4,positivo,soleado,147524,carro,familia
706,15,143,2023-11-09,11,jueves,False,2.7,3,neutro,lluvioso,14023,bus,familia
707,14,165,2024-03-09,3,sábado,False,1.0,4,positivo,lluvioso,24336,taxi,solo
708,13,80,2023-12-24,12,domingo,False,2.6,4,positivo,lluvioso,35080,carro,familia
709,23,144,2023-09-16,9,sábado,False,2.0,4,positivo,soleado,32150,carro,familia
710,23,124,2024-04-22,4,lunes,False,3.2,4,positivo,soleado,54801,moto,grupo
711,7,20,2024-11-24,11,domingo,False,3.0,4,positivo,lluvioso,99120,bus,pareja
712,24,105,2024-09-30,9,lunes,False,4.8,4,positivo,nublado,23013,bus,pareja
713,13,117,2024-08-21,8,miércoles,False,2.1,5,positivo,tormenta,11705,carro,familia
714,7,152,2023-01-08,1,domingo,False,2.0,4,positivo,lluvioso,71761,a pie,pareja
715,6,24,2024-11-09,11,sábado,False,1.7,4,positivo,nublado,79525,moto,grupo
716,19,149,2024-07-28,7,domingo,False,1.5,4,positivo,lluvioso,72424,moto,solo
717,1,77,2024-08-31,8,sábado,False,3.6,4,positivo,lluvioso,44957,carro,solo
718,23,22,2023-10-17,10,martes,False,3.9,3,neutro,nublado,34780,carro,familia
719,23,144,2024-12-01,12,domingo,False,6.0,4,positivo,soleado,28542,bus,familia
720,3,175,2024-05-08,5,miércoles,False,6.8,5,positivo,lluvioso,54183,carro,familia
721,20,84,2023-12-11,12,lunes,False,4.5,4,positivo,tormenta,23119,bus,pareja
722,14,10,2024-10-17,10,jueves,False,1.3,5,positivo,lluvioso,43308,taxi,familia
723,19,183,2023-10-11,10,miércoles,False,3.5,4,positivo,soleado,84229,carro,grupo
724,8,101,2024-11-02,11,sábado,False,6.0,4,positivo,soleado,136602,carro,familia
725,8,39,2024-10-29,10,martes,False,4.5,4,positivo,soleado,89790,taxi,familia
726,11,139,2023-07-12,7,miércoles,False,1.8,3,neutro,soleado,29912,a pie,familia
727,22,165,2024-06-13,6,jueves,False,2.7,4,positivo,soleado,25874,bus,solo
728,5,165,2023-02-28,2,martes,False,1.7,5,positivo,soleado,27661,carro,solo
729,2,172,2024-02-18,2,domingo,False,2.9,5,positivo,tormenta,45472,moto,pareja
730,16,146,2024-11-28,11,jueves,False,1.9,4,positivo,nublado,44585,carro,familia
731,10,25,2023-01-27,1,viernes,False,2.3,3,neutro,soleado,37595,a pie,grupo
732,12,117,2023-10-30,10,lunes,False,2.7,5,positivo,soleado,47001,bus,familia
733,15,15,2024-03-04,3,lunes,False,3.5,4,positivo,soleado,18257,bus,familia
734,2,51,2024-02-02,2,viernes,False,2.7,5,positivo,lluvioso,161564,moto,familia
735,23,4,2023-02-06,2,lunes,False,3.2,4,positivo,tormenta,44104,bus,pareja
736,2,121,2024-12-26,12,jueves,False,3.2,5,positivo,soleado,139978,bus,familia
737,7,57,2023-07-14,7,viernes,False,3.2,5,positivo,tormenta,129979,bus,pareja
738,7,70,2024-12-31,12,martes,False,1.5,4,positivo,lluvioso,114145,carro,solo
739,23,41,2024-12-03,12,martes,False,5.0,4,positivo,lluvioso,70037,carro,grupo
740,20,73,2024-10-15,10,martes,False,5.5,4,positivo,soleado,36177,taxi,grupo
741,22,165,2024-11-18,11,lunes,False,3.8,4,positivo,lluvioso,29747,carro,solo
742,19,189,2024-06-03,6,lunes,True,2.9,3,neutro,nublado,49673,bus,grupo
743,1,13,2023-06-24,6,sábado,False,6.7,4,positivo,tormenta,43292,carro,familia
744,11,63,2023-07-05,7,miércoles,False,2.3,4,positivo,lluvioso,34626,bus,solo
745,7,119,2023-04-10,4,lunes,False,2.5,5,positivo,lluvioso,95853,carro,grupo
746,15,19,2023-05-12,5,viernes,False,3.4,3,neutro,soleado,63556,carro,familia
747,12,154,2023-09-22,9,viernes,False,2.8,4,positivo,tormenta,145051,bus,solo
748,6,167,2024-07-26,7,viernes,False,2.8,5,positivo,soleado,104998,carro,solo
749,14,150,2023-07-07,7,viernes,False,3.8,5,positivo,nublado,66545,carro,familia
750,2,96,2023-12-10,12,domingo,False,2.8,4,positivo,lluvioso,37926,carro,grupo
751,15,5,2023-08-16,8,miércoles,False,1.8,4,positivo,tormenta,81567,moto,pareja
752,3,136,2023-08-17,8,jueves,False,7.6,4,positivo,soleado,98772,bus,pareja
753,13,78,2023-11-11,11,sábado,False,1.5,3,neutro,nublado,32556,a pie,solo
754,6,79,2023-12-06,12,miércoles,False,2.5,3,neutro,nublado,57179,bus,pareja
755,20,153,2023-09-24,9,domingo,False,5.8,4,positivo,tormenta,24270,bus,grupo
756,12,86,2024-04-19,4,viernes,False,1.8,4,positivo,soleado,23859,bus,pareja
757,22,14,2024-04-26,4,viernes,False,2.1,3,neutro,tormenta,31517,taxi,familia
758,14,31,2024-10-11,10,viernes,False,2.3,4,positivo,nublado,60245,bus,familia
759,3,20,2024-08-17,8,sábado,False,7.9,3,neutro,lluvioso,90675,moto,pareja
760,19,57,2023-03-14,3,martes,False,1.8,4,positivo,nublado,111894,moto,pareja
761,24,183,2023-07-19,7,miércoles,False,6.1,5,positivo,lluvioso,105598,bus,grupo
762,14,159,2023-05-03,5,miércoles,False,1.2,5,positivo,lluvioso,66610,moto,solo
763,23,194,2024-01-26,1,viernes,False,2.6,4,positivo,soleado,42361,carro,solo
764,21,12,2023-11-02,11,jueves,False,3.1,3,neutro,nublado,32073,taxi,grupo
765,1,91,2023-02-25,2,sábado,False,7.9,4,positivo,tormenta,169143,bus,pareja
766,6,6,2023-06-04,6,domingo,False,2.3,5,positivo,nublado,93004,bus,familia
767,7,56,2023-07-25,7,martes,False,2.4,4,positivo,nublado,87457,bus,grupo
768,20,162,2024-02-24,2,sábado,False,5.7,4,positivo,soleado,34987,carro,solo
769,7,132,2023-05-27,5,sábado,False,2.2,5,positivo,lluvioso,65367,carro,pareja
770,1,142,2023-07-04,7,martes,False,8.5,5,positivo,nublado,27648,moto,pareja
771,1,199,2024-05-14,5,martes,False,5.7,4,positivo,lluvioso,56799,carro,pareja
772,8,84,2024-10-08,10,martes,False,3.8,4,positivo,lluvioso,101588,moto,pareja
773,17,136,2023-11-17,11,viernes,False,4.7,4,positivo,lluvioso,56582,carro,pareja
774,14,16,2023-03-01,3,miércoles,False,2.6,5,positivo,lluvioso,42617,moto,grupo
775,20,171,2024-04-07,4,domingo,False,4.0,4,positivo,tormenta,22925,taxi,pareja
776,20,53,2023-08-03,8,jueves,False,2.9,4,positivo,nublado,16049,bus,solo
777,20,159,2024-08-13,8,martes,False,5.5,3,neutro,nublado,15383,bus,solo
778,10,187,2024-05-16,5,jueves,False,2.8,4,positivo,nublado,10769,taxi,grupo
779,2,73,2023-05-13,5,sábado,False,2.8,5,positivo,soleado,49211,bus,grupo
780,21,162,2024-10-10,10,jueves,False,1.5,5,positivo,lluvioso,33141,bus,solo
781,4,112,2024-02-18,2,domingo,False,2.6,5,positivo,lluvioso,33116,carro,grupo
782,18,120,2024-05-03,5,viernes,False,2.7,4,positivo,lluvioso,20560,taxi,familia
783,23,143,2023-01-05,1,jueves,False,3.2,4,positivo,soleado,26236,moto,familia
784,14,198,2024-06-30,6,domingo,False,3.6,4,positivo,tormenta,18534,taxi,grupo
785,10,185,2024-01-18,1,jueves,False,3.9,4,positivo,lluvioso,5922,bus,grupo
786,23,148,2023-11-26,11,domingo,False,3.4,4,positivo,soleado,42400,moto,familia
787,2,4,2023-07-15,7,sábado,False,3.2,5,positivo,soleado,35587,carro,pareja
788,14,177,2024-11-23,11,sábado,False,1.7,4,positivo,nublado,12135,taxi,grupo
789,24,121,2024-10-03,10,jueves,False,4.3,4,positivo,lluvioso,136154,bus,familia
790,11,194,2023-09-12,9,martes,False,2.3,3,neutro,nublado,32414,bus,solo
791,8,184,2024-12-11,12,miércoles,False,5.8,4,positivo,nublado,91283,bus,pareja
792,17,85,2023-11-16,11,jueves,False,4.8,4,positivo,nublado,23449,bus,grupo
793,16,196,2023-04-16,4,domingo,False,3.4,4,positivo,nublado,120272,a pie,pareja
794,2,5,2024-05-30,5,jueves,False,4.1,5,positivo,soleado,142158,bus,pareja
795,13,122,2023-11-10,11,viernes,False,2.4,3,neutro,lluvioso,15945,taxi,solo
796,17,159,2023-03-08,3,miércoles,False,7.7,5,positivo,lluvioso,17996,moto,solo
797,21,116,2023-11-02,11,jueves,False,1.6,4,positivo,lluvioso,24059,bus,grupo
798,14,171,2024-04-11,4,jueves,False,2.3,4,positivo,soleado,69699,bus,pareja
799,4,7,2024-06-16,6,domingo,False,3.9,4,positivo,lluvioso,39348,a pie,familia
800,14,172,2023-12-12,12,martes,False,3.9,4,positivo,tormenta,26210,moto,pareja
801,8,7,2024-12-04,12,miércoles,False,3.9,4,positivo,soleado,127536,bus,familia
802,25,144,2023-12-17,12,domingo,False,3.2,5,positivo,tormenta,37124,taxi,familia
803,4,48,2024-01-03,1,miércoles,False,2.3,4,positivo,nublado,17348,bus,familia
804,4,97,2023-06-18,6,domingo,False,2.8,3,neutro,soleado,31436,bus,pareja
805,11,82,2023-01-20,1,viernes,False,2.5,4,positivo,soleado,32484,carro,familia
806,13,157,2023-08-18,8,viernes,False,2.0,5,positivo,lluvioso,13598,taxi,familia
807,20,26,2023-08-05,8,sábado,False,4.0,3,neutro,nublado,6436,carro,familia
808,10,91,2024-08-26,8,lunes,False,5.7,4,positivo,tormenta,38071,a pie,pareja
809,16,174,2023-06-23,6,viernes,False,1.3,5,positivo,lluvioso,44035,carro,familia
810,12,103,2024-01-11,1,jueves,False,2.0,3,neutro,soleado,76603,bus,pareja
811,21,136,2024-10-28,10,lunes,False,3.0,3,neutro,nublado,7448,bus,pareja
812,12,182,2024-01-20,1,sábado,False,2.5,4,positivo,nublado,71964,moto,familia
813,22,43,2023-09-19,9,martes,False,2.6,3,neutro,nublado,63044,carro,familia
814,8,160,2024-09-30,9,lunes,False,3.8,4,positivo,tormenta,116368,carro,pareja
815,16,48,2024-08-31,8,sábado,False,3.5,5,positivo,soleado,53143,carro,familia
816,17,150,2024-11-08,11,viernes,False,7.8,4,positivo,lluvioso,22085,carro,familia
817,17,184,2024-10-31,10,jueves,False,4.3,5,positivo,lluvioso,5646,carro,pareja
818,21,190,2023-02-19,2,domingo,False,3.3,4,positivo,lluvioso,12588,bus,familia
819,20,79,2024-03-02,3,sábado,False,4.2,4,positivo,nublado,34118,carro,pareja
820,10,120,2024-01-25,1,jueves,False,3.8,4,positivo,nublado,13099,carro,familia
821,3,22,2024-07-14,7,domingo,False,5.3,4,positivo,tormenta,48281,moto,familia
822,17,59,2024-04-30,4,martes,False,6.3,5,positivo,lluvioso,60997,bus,grupo
823,1,119,2023-06-06,6,martes,False,3.3,4,positivo,soleado,48467,carro,grupo
824,15,180,2024-12-12,12,jueves,False,1.3,3,neutro,lluvioso,5304,a pie,familia
825,7,103,2023-11-05,11,domingo,False,2.4,5,positivo,nublado,92582,bus,pareja
826,10,43,2024-11-08,11,viernes,False,4.7,3,neutro,lluvioso,11617,moto,familia
827,1,162,2024-11-09,11,sábado,False,7.1,4,positivo,soleado,69098,moto,solo
828,7,104,2023-10-04,10,miércoles,False,3.2,4,positivo,lluvioso,74845,carro,grupo
829,19,122,2024-12-18,12,miércoles,False,2.2,4,positivo,soleado,38989,a pie,solo
830,3,44,2024-03-04,3,lunes,False,7.3,4,positivo,soleado,178875,bus,solo
831,9,152,2023-04-18,4,martes,False,4.3,4,positivo,lluvioso,86763,carro,pareja
832,7,125,2024-09-24,9,martes,False,1.2,4,positivo,soleado,72715,carro,familia
833,12,143,2023-10-17,10,martes,False,3.4,4,positivo,nublado,23735,carro,familia
834,15,25,2023-04-19,4,miércoles,False,1.3,4,positivo,lluvioso,47619,carro,grupo
835,15,45,2023-07-23,7,domingo,False,3.7,3,neutro,soleado,54911,a pie,pareja
836,25,95,2023-07-24,7,lunes,False,2.4,5,positivo,soleado,22235,bus,pareja
837,16,126,2024-06-19,6,miércoles,False,2.9,4,positivo,lluvioso,46608,a pie,familia
838,24,100,2024-01-02,1,martes,False,5.6,5,positivo,tormenta,66100,moto,pareja
839,18,105,2024-02-24,2,sábado,False,2.3,4,positivo,nublado,17678,carro,pareja
840,8,94,2023-06-14,6,miércoles,False,3.4,4,positivo,lluvioso,115164,moto,familia
841,22,96,2024-07-15,7,lunes,False,3.1,4,positivo,soleado,34264,bus,grupo
842,23,24,2023-08-01,8,martes,False,4.1,5,positivo,tormenta,80102,bus,grupo
843,20,11,2024-05-07,5,martes,False,5.1,5,positivo,soleado,26666,bus,solo
844,11,168,2023-08-29,8,martes,False,3.4,5,positivo,tormenta,35179,carro,familia
845,13,69,2023-01-14,1,sábado,False,2.3,3,neutro,tormenta,10832,bus,familia
846,19,173,2023-04-24,4,lunes,False,3.6,3,neutro,soleado,67627,moto,solo
847,5,55,2024-11-16,11,sábado,False,3.9,3,neutro,soleado,24190,bus,familia
848,16,100,2023-06-02,6,viernes,False,3.0,4,positivo,nublado,55903,taxi,pareja
849,21,84,2024-06-07,6,viernes,False,1.5,4,positivo,nublado,9918,moto,pareja
850,8,107,2023-04-14,4,viernes,False,4.7,5,positivo,lluvioso,228591,bus,pareja
851,23,32,2023-09-20,9,miércoles,False,2.8,4,positivo,soleado,32574,bus,pareja
852,4,32,2024-04-12,4,viernes,False,2.1,3,neutro,soleado,24400,carro,pareja
853,18,108,2023-09-28,9,jueves,False,3.1,4,positivo,soleado,48426,moto,pareja
854,25,178,2023-02-21,2,martes,False,1.3,5,positivo,soleado,11541,carro,solo
855,13,102,2023-06-28,6,miércoles,False,4.0,4,positivo,soleado,7585,carro,pareja
856,5,1,2023-10-25,10,miércoles,False,1.6,4,positivo,nublado,41607,a pie,familia
857,25,42,2024-11-24,11,domingo,False,2.8,4,positivo,soleado,25493,bus,grupo
858,8,34,2024-03-12,3,martes,False,3.4,4,positivo,soleado,138400,carro,grupo
859,11,99,2023-04-29,4,sábado,False,3.8,4,positivo,soleado,41225,moto,grupo
860,7,146,2023-02-16,2,jueves,False,3.9,5,positivo,soleado,55316,carro,familia
861,9,194,2023-05-22,5,lunes,True,5.1,4,positivo,nublado,75587,bus,solo
862,18,192,2023-12-03,12,domingo,False,2.2,4,positivo,soleado,84861,carro,familia
863,13,61,2024-03-24,3,domingo,False,2.0,5,positivo,lluvioso,22583,moto,grupo
864,5,42,2023-04-06,4,jueves,True,2.2,4,positivo,soleado,42420,bus,grupo
865,15,97,2023-12-17,12,domingo,False,2.8,2,negativo,nublado,10992,carro,pareja
866,25,11,2023-04-27,4,jueves,False,3.5,5,positivo,nublado,31265,carro,solo
867,14,115,2024-02-14,2,miércoles,False,3.0,4,positivo,nublado,51919,carro,pareja
868,18,151,2023-10-06,10,viernes,False,3.0,4,positivo,lluvioso,147537,carro,solo
869,10,24,2024-01-30,1,martes,False,3.9,4,positivo,lluvioso,36342,bus,grupo
870,20,158,2024-03-07,3,jueves,False,4.2,3,neutro,nublado,15930,carro,familia
871,7,162,2023-04-26,4,miércoles,False,2.7,4,positivo,soleado,73684,taxi,solo
872,21,150,2024-12-13,12,viernes,False,3.7,4,positivo,lluvioso,8843,carro,familia
873,12,195,2023-06-13,6,martes,False,3.3,3,neutro,lluvioso,36796,a pie,solo
874,7,160,2024-03-02,3,sábado,False,2.4,5,positivo,soleado,204436,carro,pareja
875,7,61,2024-08-27,8,martes,False,3.8,4,positivo,nublado,70816,carro,grupo
876,3,121,2024-08-05,8,lunes,False,8.1,4,positivo,soleado,158918,bus,familia
877,6,134,2024-03-24,3,domingo,False,3.3,5,positivo,soleado,66879,a pie,solo
878,3,150,2024-09-17,9,martes,False,3.9,4,positivo,lluvioso,74887,carro,familia
879,23,58,2024-01-03,1,miércoles,False,5.3,3,neutro,lluvioso,75065,bus,familia
880,6,88,2023-01-30,1,lunes,False,1.4,4,positivo,lluvioso,99857,bus,pareja
881,6,142,2023-05-14,5,domingo,False,2.3,5,positivo,nublado,60829,bus,pareja
882,7,173,2024-05-14,5,martes,False,3.4,4,positivo,nublado,72401,bus,solo
883,2,187,2024-02-26,2,lunes,False,4.8,5,positivo,soleado,73880,moto,grupo
884,11,40,2023-02-17,2,viernes,False,3.3,4,positivo,lluvioso,39150,taxi,pareja
885,10,44,2023-09-25,9,lunes,False,3.7,4,positivo,lluvioso,25593,carro,solo
886,11,132,2023-01-13,1,viernes,False,3.8,4,positivo,nublado,42197,moto,pareja
887,9,18,2024-08-13,8,martes,False,7.1,5,positivo,soleado,88514,carro,familia
888,9,181,2023-08-18,8,viernes,False,6.9,3,neutro,lluvioso,187797,bus,grupo
889,20,126,2023-12-13,12,miércoles,False,4.5,4,positivo,lluvioso,39019,carro,familia
890,16,130,2024-06-19,6,miércoles,False,3.5,4,positivo,soleado,95104,carro,familia
891,21,200,2024-12-18,12,miércoles,False,1.8,4,positivo,nublado,11241,bus,grupo
892,25,148,2024-03-19,3,martes,False,2.5,4,positivo,tormenta,21290,moto,familia
893,12,90,2024-05-08,5,miércoles,False,2.2,3,neutro,nublado,95318,carro,familia
894,16,145,2024-11-10,11,domingo,False,3.3,4,positivo,lluvioso,52611,bus,pareja
895,17,83,2023-06-02,6,viernes,False,3.2,5,positivo,soleado,51591,moto,pareja
896,8,57,2024-09-19,9,jueves,False,3.2,5,positivo,nublado,117152,taxi,pareja
897,21,55,2023-01-12,1,jueves,False,2.7,3,neutro,nublado,15284,taxi,familia
898,9,199,2024-06-01,6,sábado,False,3.4,4,positivo,soleado,110755,moto,pareja
899,25,8,2024-05-22,5,miércoles,False,2.5,5,positivo,lluvioso,15839,taxi,solo
900,10,200,2023-03-18,3,sábado,False,4.2,4,positivo,tormenta,37220,moto,grupo
901,3,71,2023-11-25,11,sábado,False,4.0,5,positivo,lluvioso,65787,moto,grupo
902,1,83,2023-12-05,12,martes,False,7.2,4,positivo,nublado,53229,carro,pareja
903,11,174,2023-02-21,2,martes,False,3.4,4,positivo,lluvioso,41611,bus,familia
904,3,143,2023-08-17,8,jueves,False,6.8,5,positivo,lluvioso,58038,moto,familia
905,6,115,2024-10-20,10,domingo,False,2.2,4,positivo,soleado,79814,carro,pareja
906,19,104,2024-02-17,2,sábado,False,3.1,3,neutro,nublado,27700,carro,grupo
907,19,129,2023-03-22,3,miércoles,False,1.2,4,positivo,lluvioso,60087,a pie,solo
908,10,158,2024-03-30,3,sábado,False,5.5,4,positivo,tormenta,34366,bus,familia
909,24,18,2023-04-01,4,sábado,False,7.0,4,positivo,lluvioso,26333,bus,familia
910,12,79,2024-04-02,4,martes,False,2.9,4,positivo,nublado,30356,moto,pareja
911,11,107,2023-05-02,5,martes,False,2.5,4,positivo,nublado,120191,bus,pareja
912,9,52,2024-10-31,10,jueves,False,3.3,4,positivo,lluvioso,70582,bus,familia
913,22,131,2023-04-16,4,domingo,False,3.9,5,positivo,nublado,31219,moto,pareja
914,10,163,2024-02-27,2,martes,False,2.7,4,positivo,soleado,7348,bus,pareja
915,25,136,2024-07-24,7,miércoles,False,3.2,5,positivo,soleado,5011,carro,pareja
916,22,155,2023-04-04,4,martes,False,2.6,5,positivo,nublado,151780,bus,familia
917,14,65,2024-09-10,9,martes,False,3.3,4,positivo,soleado,21981,bus,familia
918,3,62,2024-06-04,6,martes,False,5.4,5,positivo,soleado,58426,bus,familia
919,12,137,2023-07-31,7,lunes,False,1.1,3,neutro,soleado,135799,carro,familia
920,22,180,2024-11-18,11,lunes,False,3.5,4,positivo,soleado,32949,carro,familia
921,14,165,2023-12-16,12,sábado,False,1.7,4,positivo,tormenta,23906,bus,solo
922,17,146,2023-02-25,2,sábado,False,6.7,4,positivo,nublado,12304,carro,familia
923,17,197,2024-04-10,4,miércoles,False,5.7,4,positivo,nublado,15878,carro,pareja
924,3,136,2024-07-27,7,sábado,False,7.7,5,positivo,soleado,90616,carro,pareja
925,23,198,2024-09-06,9,viernes,False,3.7,4,positivo,nublado,40503,carro,grupo
926,9,41,2024-11-03,11,domingo,False,4.6,5,positivo,lluvioso,103808,carro,grupo
927,24,84,2024-04-08,4,lunes,False,3.1,4,positivo,tormenta,27472,carro,pareja
928,24,165,2023-04-10,4,lunes,False,4.0,5,positivo,tormenta,17266,carro,solo
929,1,134,2023-01-03,1,martes,False,4.2,4,positivo,soleado,57371,carro,solo
930,25,51,2023-12-30,12,sábado,False,2.6,4,positivo,nublado,24135,carro,familia
931,4,88,2024-07-14,7,domingo,False,3.2,5,positivo,tormenta,39208,bus,pareja
932,16,194,2024-01-18,1,jueves,False,2.2,4,positivo,nublado,43483,carro,solo
933,4,16,2023-02-16,2,jueves,False,3.8,3,neutro,soleado,15758,a pie,grupo
934,14,153,2024-05-19,5,domingo,False,2.4,4,positivo,nublado,31204,bus,grupo
935,23,200,2024-02-24,2,sábado,False,3.9,4,positivo,nublado,42009,moto,grupo
936,21,56,2023-09-18,9,lunes,False,3.5,3,neutro,lluvioso,17839,bus,grupo
937,3,48,2023-07-12,7,miércoles,False,7.7,4,positivo,lluvioso,57913,moto,familia
938,9,111,2024-02-07,2,miércoles,False,7.6,5,positivo,soleado,94128,carro,pareja
939,17,195,2024-04-13,4,sábado,False,5.2,5,positivo,nublado,27489,bus,solo
940,24,51,2023-12-13,12,miércoles,False,8.6,4,positivo,soleado,54125,carro,familia
941,2,87,2024-02-29,2,jueves,False,3.9,5,positivo,nublado,48047,carro,familia
942,7,178,2024-10-10,10,jueves,False,1.0,5,positivo,lluvioso,109049,bus,solo
943,1,113,2024-08-25,8,domingo,False,7.1,4,positivo,lluvioso,29037,bus,familia
944,4,80,2024-04-06,4,sábado,False,2.7,4,positivo,soleado,34975,carro,familia
945,14,63,2024-11-05,11,martes,False,1.9,4,positivo,soleado,31310,moto,solo
946,12,87,2024-05-31,5,viernes,False,2.7,4,positivo,lluvioso,38823,moto,familia
947,7,70,2024-05-25,5,sábado,False,1.6,5,positivo,nublado,85568,carro,solo
948,7,138,2024-06-27,6,jueves,False,3.7,4,positivo,nublado,113248,bus,pareja
949,13,107,2023-02-19,2,domingo,False,3.0,4,positivo,soleado,33364,carro,pareja
950,2,147,2024-08-22,8,jueves,False,2.5,4,positivo,lluvioso,128298,bus,grupo
951,20,85,2024-06-04,6,martes,False,5.1,4,positivo,nublado,16613,carro,grupo
952,7,111,2024-12-09,12,lunes,False,2.1,4,positivo,soleado,102916,bus,pareja
953,23,58,2023-06-27,6,martes,False,5.7,4,positivo,soleado,82873,bus,familia
954,9,166,2023-05-12,5,viernes,False,9.0,4,positivo,lluvioso,86786,bus,pareja
955,14,189,2024-02-01,2,jueves,False,1.8,4,positivo,lluvioso,65091,carro,grupo
956,9,28,2024-09-06,9,viernes,False,8.5,4,positivo,lluvioso,119725,carro,familia
957,11,74,2023-11-26,11,domingo,False,1.3,4,positivo,lluvioso,41518,taxi,familia
958,14,1,2024-01-29,1,lunes,False,3.0,4,positivo,nublado,49437,taxi,familia
959,10,27,2024-09-15,9,domingo,False,2.5,4,positivo,soleado,21268,bus,grupo
960,5,71,2023-10-08,10,domingo,False,3.4,4,positivo,lluvioso,44074,bus,grupo
961,14,44,2023-12-18,12,lunes,False,4.0,4,positivo,lluvioso,80557,a pie,solo
962,7,8,2024-04-08,4,lunes,False,2.0,5,positivo,tormenta,190486,a pie,solo
963,19,8,2023-05-17,5,miércoles,False,4.0,4,positivo,lluvioso,68111,a pie,solo
964,3,132,2024-02-27,2,martes,False,3.8,4,positivo,soleado,59743,bus,pareja
965,1,7,2024-12-17,12,martes,False,4.9,4,positivo,nublado,171187,carro,familia
966,4,109,2024-06-08,6,sábado,False,1.0,4,positivo,nublado,24589,bus,solo
967,1,27,2024-12-19,12,jueves,False,3.2,5,positivo,soleado,126802,carro,grupo
968,9,178,2023-11-18,11,sábado,False,4.7,4,positivo,nublado,126653,moto,solo
969,23,21,2024-07-20,7,sábado,True,4.7,4,positivo,soleado,76456,bus,grupo
970,6,157,2023-08-11,8,viernes,False,3.4,4,positivo,soleado,51582,carro,familia
971,4,109,2023-08-03,8,jueves,False,2.6,4,positivo,soleado,24043,bus,solo
972,16,25,2024-12-04,12,miércoles,False,3.2,5,positivo,tormenta,72629,bus,grupo
973,12,116,2024-11-19,11,martes,False,1.3,4,positivo,nublado,24347,bus,grupo
974,8,150,2024-12-28,12,sábado,False,3.3,5,positivo,soleado,132604,bus,familia
975,16,86,2023-07-02,7,domingo,False,2.9,4,positivo,soleado,56511,carro,pareja
976,12,70,2024-07-09,7,martes,False,3.2,3,neutro,nublado,141004,carro,solo
977,6,172,2024-10-14,10,lunes,True,3.6,5,positivo,nublado,55563,carro,pareja
978,23,84,2024-12-28,12,sábado,False,2.5,4,positivo,soleado,42563,moto,pareja
979,10,25,2023-12-27,12,miércoles,False,2.7,4,positivo,soleado,36481,carro,grupo
980,20,191,2024-08-19,8,lunes,True,2.2,4,positivo,soleado,32359,carro,familia
981,12,186,2024-11-21,11,jueves,False,2.7,4,positivo,soleado,79012,bus,solo
982,5,161,2024-06-30,6,domingo,False,2.4,5,positivo,soleado,36738,bus,familia
983,18,145,2024-03-08,3,viernes,False,3.5,4,positivo,soleado,8418,taxi,pareja
984,5,47,2024-06-19,6,miércoles,False,3.6,3,neutro,soleado,24977,a pie,grupo
985,20,53,2023-01-26,1,jueves,False,4.3,4,positivo,nublado,29960,carro,solo
986,18,118,2023-05-29,5,lunes,False,1.9,4,positivo,soleado,9738,bus,familia
987,18,146,2024-11-17,11,domingo,False,2.0,4,positivo,soleado,9854,carro,familia
988,22,34,2023-07-24,7,lunes,False,1.5,3,neutro,soleado,45496,bus,grupo
989,6,34,2023-06-14,6,miércoles,False,1.5,5,positivo,tormenta,73783,bus,grupo
990,7,84,2024-11-30,11,sábado,False,3.5,5,positivo,lluvioso,81420,a pie,pareja
991,3,125,2023-05-30,5,martes,False,6.5,4,positivo,nublado,54065,carro,familia
992,3,2,2024-12-08,12,domingo,True,6.0,4,positivo,soleado,69342,moto,solo
993,3,140,2023-07-28,7,viernes,False,6.9,4,positivo,lluvioso,57733,bus,solo
994,21,118,2023-02-03,2,viernes,False,1.1,3,neutro,soleado,28506,a pie,familia
995,4,128,2024-04-08,4,lunes,False,1.1,4,positivo,nublado,11716,carro,solo
996,9,35,2024-09-22,9,domingo,False,8.7,4,positivo,lluvioso,124271,bus,solo
997,24,193,2024-07-29,7,lunes,False,6.8,4,positivo,nublado,153356,carro,familia
998,10,135,2023-08-18,8,viernes,False,3.2,4,positivo,nublado,30486,bus,familia
999,4,6,2023-09-01,9,viernes,False,3.2,5,positivo,nublado,38483,carro,familia
1000,7,110,2024-12-13,12,viernes,False,3.1,5,positivo,tormenta,64425,bus,familia
1001,16,136,2024-12-10,12,martes,False,3.2,4,positivo,nublado,93548,bus,pareja
1002,10,16,2023-02-18,2,sábado,False,4.8,4,positivo,nublado,30007,carro,grupo
1003,25,86,2024-02-01,2,jueves,False,1.9,5,positivo,lluvioso,32300,carro,pareja
1004,25,96,2024-12-02,12,lunes,False,3.9,5,positivo,lluvioso,25490,bus,grupo
1005,3,197,2024-07-19,7,viernes,False,6.7,5,positivo,tormenta,41762,carro,pareja
1006,19,2,2023-01-14,1,sábado,False,1.6,4,positivo,nublado,78737,bus,solo
1007,24,180,2023-09-15,9,viernes,False,5.1,4,positivo,nublado,16654,bus,familia
1008,16,147,2024-09-27,9,viernes,False,2.7,5,positivo,tormenta,183881,taxi,grupo
1009,9,42,2024-03-29,3,viernes,True,4.4,4,positivo,lluvioso,94781,carro,grupo
1010,1,194,2024-10-10,10,jueves,False,6.7,4,positivo,soleado,37050,moto,solo
1011,7,184,2024-08-25,8,domingo,False,3.6,4,positivo,lluvioso,72911,carro,pareja
1012,19,24,2024-09-09,9,lunes,False,1.2,3,neutro,tormenta,42875,carro,grupo
1013,5,152,2023-07-18,7,martes,False,2.1,4,positivo,lluvioso,17639,bus,pareja
1014,12,53,2024-04-04,4,jueves,False,1.5,4,positivo,soleado,73255,carro,solo
1015,10,147,2024-11-30,11,sábado,False,2.9,4,positivo,soleado,9880,a pie,grupo
1016,7,16,2023-07-11,7,martes,False,3.1,5,positivo,lluvioso,107779,carro,grupo
1017,15,197,2024-06-10,6,lunes,True,2.5,3,neutro,lluvioso,8910,taxi,pareja
1018,16,97,2024-01-22,1,lunes,False,2.4,5,positivo,nublado,41331,bus,pareja
1019,24,85,2024-03-14,3,jueves,False,5.5,4,positivo,nublado,38291,carro,grupo
1020,14,33,2024-07-23,7,martes,False,2.7,4,positivo,lluvioso,20658,carro,grupo
1021,11,137,2023-05-14,5,domingo,False,1.2,4,positivo,soleado,76093,a pie,familia
1022,8,135,2024-08-21,8,miércoles,False,3.9,4,positivo,lluvioso,106712,carro,familia
1023,25,49,2023-01-06,1,viernes,False,3.7,5,positivo,tormenta,26663,carro,pareja
1024,13,59,2024-04-22,4,lunes,False,1.7,4,positivo,lluvioso,15145,moto,grupo
1025,6,186,2023-02-10,2,viernes,False,1.8,3,neutro,lluvioso,65073,moto,solo
1026,20,132,2023-11-27,11,lunes,False,2.5,4,positivo,nublado,8332,bus,pareja
1027,24,164,2024-10-02,10,miércoles,False,7.3,5,positivo,nublado,60344,carro,solo
1028,23,192,2024-11-08,11,viernes,False,4.8,4,positivo,nublado,94472,carro,familia
1029,22,166,2024-05-17,5,viernes,False,3.4,3,neutro,nublado,65530,carro,pareja
1030,15,103,2024-07-17,7,miércoles,False,3.3,4,positivo,lluvioso,38467,bus,pareja
1031,2,137,2023-03-16,3,jueves,False,5.7,5,positivo,lluvioso,167764,carro,familia
1032,1,123,2024-12-25,12,miércoles,True,3.1,5,positivo,soleado,55831,carro,solo
1033,13,109,2024-06-22,6,sábado,False,2.0,4,positivo,soleado,19415,bus,solo
1034,11,33,2023-07-08,7,sábado,False,2.0,4,positivo,tormenta,42059,moto,grupo
1035,11,82,2023-03-11,3,sábado,False,2.8,4,positivo,lluvioso,41552,carro,familia
1036,19,190,2023-06-13,6,martes,False,1.6,3,neutro,lluvioso,57258,bus,familia
1037,4,97,2024-07-10,7,miércoles,False,1.0,4,positivo,tormenta,31438,carro,pareja
1038,20,160,2023-04-05,4,miércoles,False,2.7,4,positivo,lluvioso,27898,bus,pareja
1039,24,159,2023-08-15,8,martes,False,6.6,4,positivo,nublado,33982,carro,solo
1040,15,88,2024-11-10,11,domingo,False,2.0,5,positivo,nublado,36750,carro,pareja
1041,20,39,2023-12-06,12,miércoles,False,2.6,4,positivo,nublado,28645,bus,familia
1042,7,70,2023-10-28,10,sábado,False,3.7,4,positivo,nublado,113632,moto,solo
1043,21,90,2024-09-25,9,miércoles,False,3.7,4,positivo,lluvioso,39766,carro,familia
1044,9,45,2024-05-01,5,miércoles,True,5.0,5,positivo,lluvioso,116787,carro,pareja
1045,7,143,2024-10-26,10,sábado,False,2.4,4,positivo,soleado,55288,taxi,familia
1046,6,197,2023-04-28,4,viernes,False,3.4,5,positivo,soleado,56337,carro,pareja
1047,21,84,2024-04-01,4,lunes,False,1.2,4,positivo,soleado,20751,moto,pareja
1048,3,54,2024-10-19,10,sábado,False,5.8,5,positivo,tormenta,90219,bus,familia
1049,7,165,2024-09-28,9,sábado,False,3.4,5,positivo,soleado,62989,moto,solo
1050,23,100,2023-02-10,2,viernes,False,5.3,5,positivo,tormenta,79731,bus,pareja
1051,24,78,2023-11-25,11,sábado,False,4.4,5,positivo,nublado,22496,moto,solo
1052,21,180,2023-04-27,4,jueves,False,3.2,4,positivo,soleado,30288,moto,familia
1053,9,148,2023-09-20,9,miércoles,False,4.9,5,positivo,nublado,87702,carro,familia
1054,23,192,2023-10-17,10,martes,False,3.3,3,neutro,lluvioso,58238,bus,familia
1055,12,4,2024-06-13,6,jueves,False,4.0,4,positivo,soleado,32286,carro,pareja
1056,17,99,2024-06-10,6,lunes,True,6.5,4,positivo,tormenta,48340,bus,grupo
1057,20,55,2024-04-01,4,lunes,False,5.9,4,positivo,nublado,36903,bus,familia
1058,10,17,2023-02-14,2,martes,False,4.0,5,positivo,nublado,24427,carro,pareja
1059,2,176,2024-10-29,10,martes,False,2.7,4,positivo,soleado,57616,carro,solo
1060,4,70,2023-11-25,11,sábado,False,3.0,4,positivo,soleado,38678,carro,solo
1061,14,195,2023-03-26,3,domingo,False,3.8,5,positivo,nublado,28288,moto,solo
1062,19,8,2023-06-21,6,miércoles,False,1.8,3,neutro,lluvioso,151360,carro,solo
1063,16,141,2024-07-04,7,jueves,False,2.7,4,positivo,soleado,57472,bus,solo
1064,23,118,2023-01-08,1,domingo,False,5.4,3,neutro,soleado,27145,carro,familia
1065,12,144,2023-08-04,8,viernes,False,1.5,4,positivo,soleado,26985,moto,familia
1066,12,137,2024-12-02,12,lunes,False,1.1,3,neutro,soleado,105601,taxi,familia
1067,20,168,2023-04-17,4,lunes,False,2.4,4,positivo,lluvioso,18472,taxi,familia
1068,1,193,2024-07-04,7,jueves,False,6.3,4,positivo,soleado,163625,carro,familia
1069,21,10,2024-12-20,12,viernes,False,3.7,4,positivo,lluvioso,33523,carro,familia
1070,16,72,2024-10-24,10,jueves,False,1.0,4,positivo,soleado,54726,carro,grupo
1071,25,48,2024-12-03,12,martes,False,3.6,4,positivo,soleado,15076,a pie,familia
1072,4,153,2023-01-25,1,miércoles,False,2.7,4,positivo,nublado,35095,taxi,grupo
1073,10,46,2023-12-06,12,miércoles,False,5.1,4,positivo,nublado,7482,bus,familia
1074,5,3,2023-03-31,3,viernes,False,2.5,4,positivo,lluvioso,10400,bus,pareja
1075,3,30,2023-02-25,2,sábado,False,8.7,5,positivo,tormenta,93329,carro,familia
1076,4,26,2023-09-15,9,viernes,False,3.4,3,neutro,nublado,9616,bus,familia
1077,8,143,2024-08-11,8,domingo,False,5.6,3,neutro,lluvioso,87459,carro,familia
1078,11,143,2023-09-22,9,viernes,False,3.9,5,positivo,soleado,38357,moto,familia
1079,23,38,2024-02-02,2,viernes,False,3.3,4,positivo,soleado,39782,bus,pareja
1080,20,122,2024-10-07,10,lunes,False,2.3,3,neutro,nublado,31505,moto,solo
1081,10,39,2024-03-19,3,martes,False,3.9,4,positivo,soleado,25735,bus,familia
1082,13,53,2023-01-18,1,miércoles,False,1.3,4,positivo,soleado,30526,moto,solo
1083,20,61,2024-11-20,11,miércoles,False,3.5,5,positivo,tormenta,12753,moto,grupo
1084,20,124,2024-07-01,7,lunes,True,5.4,4,positivo,soleado,5386,a pie,grupo
1085,20,24,2024-10-18,10,viernes,False,2.7,4,positivo,nublado,9144,bus,grupo
1086,11,169,2024-08-22,8,jueves,False,2.6,3,neutro,tormenta,26491,carro,familia
1087,4,12,2024-12-18,12,miércoles,False,3.9,5,positivo,lluvioso,9757,moto,grupo
1088,12,163,2024-01-02,1,martes,False,3.1,4,positivo,soleado,36476,bus,pareja
1089,9,2,2023-04-19,4,miércoles,False,8.5,4,positivo,lluvioso,98994,carro,solo
1090,5,200,2024-12-03,12,martes,False,3.0,3,neutro,soleado,37749,carro,grupo
1091,6,106,2024-09-13,9,viernes,False,2.7,3,neutro,soleado,60669,taxi,grupo
1092,12,115,2023-10-16,10,lunes,True,3.5,4,positivo,soleado,58683,carro,pareja
1093,8,25,2024-01-26,1,viernes,False,4.7,5,positivo,nublado,115894,carro,grupo
1094,11,114,2024-11-07,11,jueves,False,2.0,4,positivo,lluvioso,26009,bus,grupo
1095,17,17,2024-04-30,4,martes,False,5.9,4,positivo,nublado,25244,moto,pareja
1096,5,130,2024-06-30,6,domingo,False,2.1,5,positivo,soleado,32409,carro,familia
1097,13,41,2023-05-20,5,sábado,False,1.4,4,positivo,lluvioso,30624,carro,grupo
1098,24,93,2024-07-12,7,viernes,False,4.9,5,positivo,tormenta,19665,moto,familia
1099,8,53,2024-10-11,10,viernes,False,5.7,4,positivo,nublado,128884,a pie,solo
1100,13,93,2023-11-02,11,jueves,False,3.9,4,positivo,lluvioso,29453,bus,familia
